,source,id,price,area,rooms,floor,storeys,building_type,condition,bathroom_count,new_building,F_Furniture,F_Security,F_Air Conditioner,F_Balcony,F_Heating System,F_Internet,F_Elevator,latitude,longitude
0,bars,4-3-1430,130000,60.5,2.0,3.0,13.0,Other,Needs Renovation/Repair,1.0,1,0,0,0,0,0,0,0,44.50384769146143,40.19855807840442
1,bars,4-3-1430.1,215000,96.1,3.0,4.0,13.0,Other,Needs Renovation/Repair,2.0,1,0,0,0,0,0,0,0,44.50384769146143,40.19855807840442
2,bars,1-N-432,560000,156.4,4.0,9.0,17.0,Other,Good Condition,2.0,0,1,1,0,1,1,0,1,44.583870697678144,40.21673211791397
3,bars,1-N-429,410000,75.0,3.0,3.0,12.0,Other,Good Condition,2.0,0,0,1,1,1,1,0,1,44.50449735,40.1832187
4,bars,1-A-118,420000,138.0,4.0,3.0,5.0,Other,Good Condition,2.0,0,0,0,0,1,1,0,1,44.51228432718437,40.19590302536037
5,bars,1-3-2096,339000,100.0,3.0,2.0,6.0,Other,Good Condition,1.0,0,1,0,1,0,1,0,1,44.519048808509375,40.177015330930764
6,bars,1-A-123,500000,107.0,3.0,5.0,7.0,Other,Good Condition,2.0,0,1,1,1,1,1,0,1,44.51228432718437,40.19590302536037
7,bars,1-N-403,520000,121.0,3.0,6.0,21.0,Other,Good Condition,1.0,0,1,0,1,0,1,0,1,44.583870697678144,40.21673211791397
8,bars,1-3-1721,225000,101.0,3.0,6.0,5.0,Other,Good Condition,1.0,0,1,0,1,1,1,0,0,44.51808492499669,40.187096641397815
9,bars,1-N-433,985000,206.0,4.0,20.0,23.0,Other,Good Condition,3.0,0,0,0,1,1,1,0,1,44.519048808509375,40.177015330930764
10,bars,6-NM3-7,170000,100.0,3.0,6.0,10.0,Other,Needs Renovation/Repair,2.0,1,0,0,0,1,0,0,1,44.552282393219535,40.19046429667407
11,bars,4-3-1433,225000,125.0,3.0,6.0,16.0,Other,Good Condition,2.0,0,1,1,1,0,1,0,1,44.52473536231635,40.20625843913501
12,bars,4-3-1434,295000,105.0,3.0,3.0,5.0,Other,Good Condition,2.0,0,1,0,1,0,1,0,0,44.52473536231635,40.20625843913501
13,bars,4-3-1431,160000,95.0,3.0,4.0,5.0,Other,Needs Renovation/Repair,1.0,0,0,0,0,1,0,0,0,44.52473536231635,40.20625843913501
14,bars,1-2-991,290000,55.0,2.0,1.0,5.0,Other,Good Condition,1.0,0,1,0,1,1,1,0,0,44.505052000470215,40.183781674798254
15,bars,4-2-201,135000,55.3,2.0,11.0,13.0,Other,Good Condition,1.0,0,0,1,1,0,1,0,1,44.52473536231635,40.20625843913501
16,bars,1-B-97,450000,84.6,2.0,4.0,16.0,Other,Good Condition,1.0,0,1,1,0,0,1,0,1,44.55827345658594,40.199176396159615
17,bars,4-3-1432,205000,64.0,3.0,8.0,14.0,Other,Good Condition,1.0,0,1,1,1,1,1,0,1,44.52473536231635,40.20625843913501
18,bars,1-B-128,950000,174.0,4.0,5.0,15.0,Other,Good Condition,2.0,0,0,0,1,1,1,0,1,44.55827345658594,40.199176396159615
19,bars,4-3-1412,220000,90.0,3.0,2.0,5.0,Other,Good Condition,1.0,0,1,0,1,1,1,0,0,44.48842560030741,40.19502146089586
20,bars,1-2-990,250000,50.0,2.0,2.0,5.0,Other,Good Condition,1.0,0,1,0,1,1,1,0,0,44.5215976,40.18607885
21,bars,4-3-1181,160000,91.0,4.0,3.0,5.0,Other,Good Condition,1.0,0,0,0,0,1,0,0,0,44.52473536231635,40.20625843913501
22,bars,1-3-1912,120000,85.0,3.0,2.0,4.0,Other,Needs Renovation/Repair,1.0,0,0,0,0,1,0,0,0,44.45609932611657,40.15477242139723
23,bars,1-3-2133,606000,220.0,5.0,5.0,6.0,Other,Good Condition,3.0,0,1,0,1,1,1,0,1,44.5776738850503,40.217118108862934
24,bars,6-NM3-6,400000,100.0,3.0,1.0,5.0,Other,Needs Renovation/Repair,2.0,1,0,0,0,1,0,0,1,44.47934247499251,40.150660083827475
25,bars,1-3-2132,190000,84.0,3.0,1.0,5.0,Stone,Needs Renovation/Repair,1.0,0,0,0,0,0,0,0,0,44.5273774,40.17699785
26,bars,1-N-430,700000,145.0,5.0,8.0,11.0,Other,Good Condition,3.0,0,1,0,1,0,1,0,1,44.51166722152143,40.182206184659805
27,bars,6-ACH3-126,85000,56.0,3.0,5.0,5.0,Stone,Good Condition,1.0,0,1,0,0,0,1,0,0,44.476933542701154,40.20438901998362
28,bars,4-3-1429,360000,305.0,4.0,5.0,14.0,Other,Good Condition,2.0,0,1,0,1,1,1,0,1,44.499437857296144,40.19210576699806
29,bars,4-3-1427,115000,83.0,3.0,7.0,14.0,Panel,Other,1.0,0,0,0,0,0,0,0,0,44.50164222859443,40.19625902492543
30,bars,4-2-203,95000,37.0,2.0,2.0,5.0,Other,Good Condition,1.0,0,0,0,0,0,1,0,0,44.51872985,40.204131149999995
31,bars,6-NM2-5,108000,55.18,2.0,4.0,5.0,Other,Needs Renovation/Repair,1.0,1,0,0,0,1,0,0,0,44.47934247499251,40.150660083827475
32,bars,6-D3-208,124000,105.0,3.0,2.0,14.0,Panel,Needs Renovation/Repair,1.0,0,0,0,0,0,0,0,1,44.4701813882256,40.21611126911036
34,bars,6-D3-207,163000,72.0,3.0,2.0,11.0,Other,Good Condition,1.0,0,0,0,0,1,1,0,1,44.4567380668362,40.166016462777485
35,bars,4-3-111,775000,342.0,8.0,8.0,9.0,Other,Good Condition,4.0,0,0,1,1,1,1,0,1,44.50384769146143,40.19855807840442
36,bars,4-3-93,235000,220.0,7.0,4.0,4.0,Other,Good Condition,3.0,0,0,0,1,0,1,0,0,44.48842560030741,40.19502146089586
37,bars,4-3-23,200000,110.0,4.0,3.0,5.0,Other,Good Condition,2.0,0,1,0,1,0,1,0,0,44.52473536231635,40.20625843913501
38,bars,4-2-151,125000,80.0,2.0,14.0,16.0,Panel,Needs Renovation/Repair,1.0,0,0,0,0,0,0,0,0,44.49978402004816,40.19794363418706
39,bars,4-1-27,90000,46.5,1.0,2.0,7.0,Other,Good Condition,1.0,0,0,0,0,0,0,0,0,44.57251521346963,40.21266289465016
40,bars,4-3-1426,180000,113.0,4.0,3.0,5.0,Stone,Good Condition,2.0,0,0,0,1,1,1,0,0,44.4972968,40.20489739999999
41,bars,4-3-1428,156000,84.0,3.0,8.0,14.0,Panel,Other,1.0,0,0,0,1,0,0,0,1,44.491346750379165,40.19366433254226
42,bars,1-N-428,360000,121.0,4.0,11.0,13.0,Other,Needs Renovation/Repair,2.0,1,0,0,0,1,0,0,1,44.499472776670245,40.180107053322125
43,bars,4-3-1396,192000,67.0,3.0,7.0,14.0,Other,Good Condition,1.0,0,1,0,0,1,1,0,1,44.499155086504345,40.19562050194883
44,bars,1-3-2131,330000,108.0,4.0,2.0,5.0,Stone,Needs Renovation/Repair,2.0,0,0,0,1,1,1,0,0,44.51642634119875,40.18161375666288
45,bars,1-3-1838,750000,265.0,5.0,4.0,5.0,Other,Good Condition,3.0,0,0,0,1,1,1,0,0,44.5215976,40.18607885
46,bars,4-2-205,105000,59.0,2.0,1.0,14.0,Panel,Good Condition,1.0,0,1,0,0,0,1,0,1,44.48897174994312,40.20145330939894
47,bars,4-3-1424,285000,81.0,3.0,6.0,10.0,Other,Good Condition,2.0,0,1,0,1,1,1,0,1,44.497928566324596,40.203858779099114
48,bars,4-3-1423,410000,165.0,5.0,8.0,8.0,Other,Needs Renovation/Repair,4.0,1,0,0,0,1,0,0,1,44.52141545745753,40.160291821818525
49,bars,4-3-1421,193000,97.0,3.0,5.0,8.0,Other,Needs Renovation/Repair,2.0,1,0,0,0,0,0,0,1,44.52141545745753,40.160291821818525
50,bars,4-3-1420,201000,81.0,3.0,5.0,8.0,Other,Needs Renovation/Repair,2.0,1,0,0,0,1,0,0,1,44.52141545745753,40.160291821818525
51,bars,4-2-157,290000,110.0,4.0,5.0,7.0,Other,Needs Renovation/Repair,2.0,1,0,0,0,1,0,0,1,44.50164222859443,40.19625902492543
52,bars,4-2-204,110000,75.0,2.0,3.0,9.0,Stone,Other,1.0,0,0,0,1,1,1,0,1,44.4972968,40.20489739999999
53,bars,6-Sh2-50,105000,44.0,2.0,10.0,12.0,Monolit,Good Condition,1.0,0,1,0,0,0,1,0,1,44.47162875,40.14904435
54,bars,1-DH-10,661600,206.75,4.0,5.0,8.0,Other,Needs Renovation/Repair,2.0,1,0,1,0,0,1,0,1,44.50523170804844,40.19493042144863
55,bars,1-DH-11,533920,166.85,4.0,5.0,8.0,Other,Needs Renovation/Repair,2.0,1,0,1,0,0,1,0,1,44.50523170804844,40.19493042144863
56,bars,1-DH-12,591850,169.1,4.0,6.0,8.0,Other,Needs Renovation/Repair,2.0,1,0,1,0,0,1,0,1,44.50523170804844,40.19493042144863
57,bars,1-DH-21,528300,176.1,4.0,3.0,8.0,Other,Needs Renovation/Repair,2.0,1,0,1,0,0,1,0,1,44.50523170804844,40.19493042144863
58,bars,1-DH-20,555520,179.2,5.0,3.0,5.0,Other,Needs Renovation/Repair,2.0,1,0,1,0,0,1,0,1,44.50523170804844,40.19493042144863
59,bars,1-DH-25,558360,169.2,4.0,5.0,5.0,Other,Needs Renovation/Repair,2.0,1,0,1,0,0,1,0,1,44.50523170804844,40.19493042144863
60,bars,1-DH-8,688380,208.5,4.0,5.0,5.0,Other,Needs Renovation/Repair,2.0,1,0,1,0,0,1,0,1,44.50523170804844,40.19493042144863
61,bars,1-DH-27,519050,148.3,4.0,6.0,8.0,Other,Needs Renovation/Repair,2.0,1,0,1,0,0,1,0,1,44.50523170804844,40.19493042144863
62,bars,1-DH-15,2300000,710.25,7.0,8.0,8.0,Other,Needs Renovation/Repair,5.0,1,0,1,0,1,1,0,1,44.50523170804844,40.19493042144863
63,bars,1-DH-22,667680,208.65,5.0,4.0,5.0,Other,Needs Renovation/Repair,2.0,1,0,1,0,0,1,0,1,44.50523170804844,40.19493042144863
64,bars,1-N-43,450000,157.0,4.0,6.0,6.0,Other,Good Condition,2.0,0,0,1,0,0,1,0,1,44.5247969,40.17890785
65,bars,4-3-1382,315000,131.0,4.0,5.0,7.0,Other,Needs Renovation/Repair,2.0,1,0,0,0,1,1,0,1,44.52141545745753,40.160291821818525
66,bars,4-3-1419,270000,90.0,3.0,4.0,9.0,Other,Good Condition,2.0,0,0,0,0,0,1,0,1,44.50164222859443,40.19625902492543
67,bars,1-3-2627,359000,98.0,4.0,2.0,5.0,Stone,Good Condition,1.0,0,1,0,0,0,1,0,0,44.51548071604492,40.190139066908706
68,bars,4-3-1418,255000,110.0,3.0,2.0,5.0,Other,Good Condition,2.0,0,1,0,0,0,1,0,1,44.50603348930943,40.19194689069822
69,bars,1-3-2003,420000,180.0,4.0,4.0,4.0,Other,Good Condition,2.0,0,0,0,1,1,0,0,0,44.5215976,40.18607885
70,bars,6-Ach3-124,115000,76.0,3.0,3.0,5.0,Stone,Good Condition,1.0,0,0,0,0,0,0,0,0,44.468463099999994,40.199323
71,bars,1-3-2097,270000,92.0,3.0,6.0,8.0,Other,Good Condition,2.0,0,0,0,1,1,1,0,1,44.505052000470215,40.183781674798254
72,bars,1-A-122,695000,155.0,4.0,4.0,6.0,Other,Good Condition,3.0,0,1,0,0,1,1,0,1,44.50523170804844,40.19493042144863
73,bars,4-3-1416,178000,100.0,3.0,5.0,5.0,Stone,Good Condition,1.0,0,0,0,1,1,1,0,0,44.509269992836,40.20967865714541
74,bars,1-N-415,585000,140.0,4.0,5.0,16.0,Other,Needs Renovation/Repair,3.0,1,0,0,0,0,0,0,1,44.50439786901182,40.18091474247
75,bars,1-3-2084,360000,86.0,3.0,4.0,4.0,Stone,Good Condition,1.0,0,0,0,1,1,1,0,0,44.52381655212627,40.19066524195801
76,bars,4-3-1415,145000,70.0,3.0,3.0,5.0,Other,Good Condition,1.0,0,0,0,0,0,0,0,0,44.51872985,40.204131149999995
77,bars,1-3-2114,220000,71.0,3.0,3.0,5.0,Stone,Good Condition,1.0,0,0,0,0,0,0,0,0,44.50439786901182,40.18091474247
78,bars,53896,75000,78.0,3.0,2.0,4.0,Other,Needs Renovation/Repair,1.0,0,0,1,0,1,1,0,0,44.5273774,40.17699785
79,bars,1-1-441,150000,42.0,1.0,5.0,8.0,Other,Needs Renovation/Repair,1.0,0,0,0,0,1,0,0,1,44.5215976,40.18607885
80,bars,4-3-1435,260000,130.0,4.0,9.0,9.0,Other,Good Condition,1.0,0,1,1,1,1,1,0,1,44.49978402004816,40.19794363418706
81,bars,4-1-4,150000,50.0,1.0,1.0,5.0,Stone,Good Condition,1.0,0,0,0,0,0,0,0,0,44.50603348930943,40.19194689069822
82,bars,5-2-325,220000,76.0,2.0,14.0,15.0,Other,Good Condition,1.0,0,1,0,1,1,1,0,1,44.49141207406966,40.19293930149094
83,bars,4-3-1414,153000,78.0,3.0,3.0,5.0,Stone,Good Condition,1.0,0,1,0,0,1,0,0,0,44.499155086504345,40.19562050194883
84,bars,1-3-2124,430000,200.0,5.0,3.0,8.0,Other,Good Condition,3.0,0,0,0,1,0,1,0,1,44.4201581,40.18735935
85,bars,4-3-1411,160000,82.0,3.0,1.0,3.0,Other,Good Condition,1.0,0,1,0,1,0,0,1,0,44.527093186775616,40.209566023035784
86,bars,2-1-48,145000,37.0,1.0,4.0,4.0,Stone,Good Condition,1.0,0,0,0,0,0,1,0,0,44.51344849450384,40.1767382062846
87,bars,4-3-1162,275000,97.0,3.0,15.0,16.0,Other,Good Condition,2.0,0,1,0,1,1,1,0,1,44.48842560030741,40.19502146089586
88,bars,1-N-426,450000,100.0,3.0,9.0,13.0,Other,Good Condition,2.0,0,1,0,1,1,1,0,0,44.514048989347714,40.1861605885798
89,bars,6-D3-206,155000,75.0,3.0,1.0,9.0,Panel,Good Condition,1.0,0,1,0,1,0,1,0,1,44.4701813882256,40.21611126911036
90,bars,4-3-1435,260000,130.0,4.0,9.0,9.0,Other,Good Condition,1.0,0,1,1,1,1,1,0,1,44.49978402004816,40.19794363418706
91,bars,4-1-4,150000,50.0,1.0,1.0,5.0,Stone,Good Condition,1.0,0,0,0,0,0,0,0,0,44.50603348930943,40.19194689069822
92,bars,5-2-325,220000,76.0,2.0,14.0,15.0,Other,Good Condition,1.0,0,1,0,1,1,1,0,1,44.49141207406966,40.19293930149094
93,bars,4-3-1414,153000,78.0,3.0,3.0,5.0,Stone,Good Condition,1.0,0,1,0,0,1,0,0,0,44.499155086504345,40.19562050194883
94,bars,1-3-2124,430000,200.0,5.0,3.0,8.0,Other,Good Condition,3.0,0,0,0,1,0,1,0,1,44.4201581,40.18735935
95,bars,4-3-1411,160000,82.0,3.0,1.0,3.0,Other,Good Condition,1.0,0,1,0,1,0,0,1,0,44.527093186775616,40.209566023035784
96,bars,2-1-48,145000,37.0,1.0,4.0,4.0,Stone,Good Condition,1.0,0,0,0,0,0,1,0,0,44.51344849450384,40.1767382062846
97,bars,4-3-1162,275000,97.0,3.0,15.0,16.0,Other,Good Condition,2.0,0,1,0,1,1,1,0,1,44.48842560030741,40.19502146089586
98,bars,1-N-426,450000,100.0,3.0,9.0,13.0,Other,Good Condition,2.0,0,1,0,1,1,1,0,0,44.514048989347714,40.1861605885798
99,bars,6-D3-206,155000,75.0,3.0,1.0,9.0,Panel,Good Condition,1.0,0,1,0,1,0,1,0,1,44.4701813882256,40.21611126911036
100,bars,6-Sh2-48,130000,62.0,2.0,2.0,14.0,Other,Needs Renovation/Repair,1.0,1,0,0,0,0,0,0,0,44.50671851403171,40.150346813084205
101,bars,4-3-1407,140000,85.0,3.0,2.0,12.0,Panel,Needs Renovation/Repair,2.0,0,1,0,0,0,1,0,1,44.52733885,40.20019725
102,bars,4-3-1406,300000,156.0,5.0,4.0,5.0,Other,Good Condition,1.0,0,1,0,0,1,1,0,0,44.48842560030741,40.19502146089586
103,bars,4-3-1408,173000,80.0,3.0,2.0,5.0,Stone,Good Condition,1.0,0,1,0,1,1,1,0,0,44.499155086504345,40.19562050194883
104,bars,4-3-1409,125000,76.0,3.0,3.0,5.0,Stone,Needs Renovation/Repair,1.0,0,0,0,0,1,1,0,0,44.57251521346963,40.21266289465016
105,bars,4-3-1410,160000,74.0,3.0,2.0,5.0,Stone,Good Condition,1.0,0,1,0,0,1,1,0,0,44.4972968,40.20489739999999
106,bars,1-1-417,150000,35.5,1.0,5.0,5.0,Other,Good Condition,1.0,0,0,0,1,0,1,0,0,44.525275644939626,40.18489525304254
107,bars,1-3-1293,465000,141.23,3.0,2.0,5.0,Other,Needs Renovation/Repair,1.0,0,0,0,0,1,1,0,0,44.5180200101794,40.18203709652422
108,bars,4-2-195,111000,65.0,2.0,2.0,5.0,Stone,Good Condition,1.0,0,0,0,0,0,0,0,0,44.49857435,40.209585149999995
109,bars,1-N-409,560000,110.0,3.0,15.0,18.0,Other,Needs Renovation/Repair,2.0,1,0,0,0,0,0,0,0,44.51166722152143,40.182206184659805
110,bars,4-3-1344,700000,240.0,4.0,5.0,13.0,Other,Good Condition,2.0,0,0,0,1,1,1,0,1,44.499437857296144,40.19210576699806
111,bars,1-2-912,175000,61.4,2.0,3.0,7.0,Other,Good Condition,1.0,0,0,0,0,0,1,0,1,44.505052000470215,40.183781674798254
112,bars,1-3-2120,300000,125.1,4.0,9.0,13.0,Panel,Other,1.0,0,0,0,0,1,0,0,1,44.50449735,40.1832187
113,bars,6-Ach2-121,118000,59.0,2.0,4.0,6.0,Other,Good Condition,1.0,0,0,0,0,0,1,0,1,44.46234708546167,40.1906722427931
114,bars,4-3-1399,118000,65.0,3.0,4.0,9.0,Other,Needs Renovation/Repair,1.0,1,0,0,0,1,0,0,0,44.55827345658594,40.199176396159615
115,bars,1-3-2119,390000,107.0,3.0,3.0,5.0,Other,Good Condition,1.0,0,1,0,1,0,1,0,0,44.517821617617976,40.177431841441944
116,bars,1-2-985,165000,78.8,2.0,16.0,16.0,Panel,Needs Renovation/Repair,1.0,0,0,0,0,0,0,0,0,44.505052000470215,40.183781674798254
117,bars,4-3-1400,500000,120.0,3.0,8.0,17.0,Other,Good Condition,2.0,0,1,1,0,1,1,0,1,44.50603348930943,40.19194689069822
118,bars,1-3-1762,135000,75.0,3.0,5.0,4.0,Other,Needs Renovation/Repair,1.0,0,0,0,0,0,0,0,0,44.583870697678144,40.21673211791397
119,bars,1-B-75,1000000,125.0,3.0,6.0,9.0,Other,Good Condition,2.0,0,1,1,0,1,1,0,1,44.55827345658594,40.199176396159615
120,bars,1-3-2117,400000,120.0,3.0,2.0,4.0,Other,Good Condition,1.0,0,0,0,1,1,1,0,0,44.512115310889925,40.18645225816211
121,bars,1-3-1730,700000,187.0,4.0,2.0,4.0,Other,Good Condition,2.0,0,1,0,1,1,1,0,0,44.50603348930943,40.19194689069822
122,bars,6-О-117,105000,102.0,4.0,5.0,5.0,Stone,Good Condition,1.0,0,0,0,0,1,1,0,0,44.47143471084086,40.20656139447395
123,bars,1-B-118,1100000,190.0,4.0,14.0,17.0,Other,Good Condition,2.0,0,0,1,1,1,1,0,1,44.51863665459219,40.17606564344017
124,bars,6-Z3-260,230000,83.0,3.0,6.0,12.0,Panel,Good Condition,1.0,0,1,0,1,1,1,0,1,44.54016340378585,40.204839367697545
125,bars,1-3-2116,240000,80.0,3.0,3.0,4.0,Other,Needs Renovation/Repair,1.0,0,0,0,0,0,0,0,0,44.51181945133735,40.183313571671
126,bars,4-3-1398,175000,80.0,3.0,3.0,5.0,Stone,Good Condition,1.0,0,1,0,1,0,1,0,0,44.52065838607332,40.21056281413444
127,bars,1-3-2115,270000,80.0,3.0,3.0,4.0,Other,Good Condition,1.0,0,1,0,1,0,1,0,0,44.499472776670245,40.180107053322125
128,bars,4-3-1397,161000,78.0,3.0,4.0,6.0,Other,Needs Renovation/Repair,1.0,0,0,0,0,0,1,0,0,44.50603348930943,40.19194689069822
129,bars,1-3-2112,187000,105.0,4.0,4.0,16.0,Panel,Good Condition,1.0,0,0,0,0,0,0,0,1,44.4201581,40.18735935
130,bars,1-3-2113,480000,176.0,5.0,2.0,5.0,Other,Good Condition,3.0,0,0,0,1,0,1,0,0,44.52011953345346,40.17752762983332
131,bars,1-3-2111,135000,80.0,3.0,6.0,9.0,Panel,Good Condition,1.0,0,0,0,0,0,1,0,1,44.50603348930943,40.19194689069822
132,bars,4-3-1395,154000,61.0,3.0,1.0,5.0,Stone,Good Condition,1.0,0,0,0,1,0,0,0,0,44.499437857296144,40.19210576699806
133,bars,1-2-988,239000,40.0,2.0,2.0,22.0,Other,Good Condition,1.0,0,1,0,1,0,0,0,1,44.51166722152143,40.182206184659805
134,bars,4-3-13944,495000,335.0,5.0,9.0,9.0,Other,Good Condition,3.0,0,0,0,0,1,1,0,1,44.55827345658594,40.199176396159615
135,bars,1-S-70,830000,160.0,4.0,7.0,9.0,Other,Good Condition,2.0,0,1,0,0,1,1,0,1,44.434781436092,40.141653987919995
136,bars,1-S-62,800000,142.0,3.0,2.0,8.0,Other,Good Condition,2.0,0,0,1,1,1,1,0,1,44.434781436092,40.141653987919995
137,bars,1-3-1531,670000,90.0,3.0,4.0,4.0,Other,Good Condition,1.0,0,1,0,0,1,1,0,0,44.5215976,40.18607885
138,bars,1-3-205,430000,161.0,5.0,4.0,5.0,Other,Good Condition,2.0,0,1,0,1,1,0,0,0,44.51808492499669,40.187096641397815
139,bars,4-3-1285,150000,77.0,3.0,5.0,5.0,Stone,Good Condition,1.0,0,0,0,0,0,1,0,0,44.509269992836,40.20967865714541
140,bars,4-3-1367,415000,124.0,3.0,6.0,14.0,Other,Good Condition,2.0,0,1,1,1,1,1,0,1,44.499437857296144,40.19210576699806
141,bars,1-2-736,160000,78.0,2.0,1.0,6.0,Other,Good Condition,1.0,0,1,0,0,0,1,0,1,44.5273774,40.17699785
142,bars,4-3-1385,120000,78.3,3.0,1.0,9.0,Panel,Needs Renovation/Repair,1.0,0,0,0,0,0,1,0,1,44.520265311668524,40.1995721688172
143,bars,1-N-311,320000,70.0,3.0,12.0,14.0,Other,Good Condition,1.0,0,1,1,1,1,1,0,1,44.514048989347714,40.1861605885798
144,bars,1-3-1515,550000,209.0,5.0,4.0,4.0,Other,Good Condition,3.0,0,0,0,0,0,0,0,0,44.517821617617976,40.177431841441944
145,bars,1-3-2109,320000,90.0,3.0,2.0,5.0,Stone,Other,1.0,0,1,0,1,0,0,0,0,44.514048989347714,40.1861605885798
146,bars,1-3-859,266000,90.0,3.0,8.0,10.0,Panel,Other,1.0,0,1,0,1,1,1,0,1,44.505052000470215,40.183781674798254
147,bars,1-3-2070,500000,241.0,7.0,4.0,4.0,Other,Good Condition,2.0,0,0,0,1,1,1,0,1,44.512115310889925,40.18645225816211
148,bars,1-3-1613,450000,157.0,4.0,3.0,4.0,Other,Good Condition,1.0,0,0,0,0,0,1,0,0,44.51181945133735,40.183313571671
149,bars,1-3-323,400000,300.0,6.0,4.0,4.0,Other,Good Condition,2.0,0,0,0,0,1,1,0,0,44.519048808509375,40.177015330930764
150,bars,1-3-346,450000,90.0,3.0,4.0,5.0,Other,Good Condition,1.0,0,0,0,1,1,0,0,0,44.514048989347714,40.1861605885798
151,bars,1-3-883,357000,115.2,4.0,5.0,5.0,Stone,Good Condition,1.0,0,0,0,0,1,0,0,0,44.514048989347714,40.1861605885798
152,bars,1-3-985,270000,120.0,4.0,5.0,5.0,Stone,Needs Renovation/Repair,1.0,0,0,0,0,1,0,0,0,44.5180200101794,40.18203709652422
153,bars,1-S-72,1500000,170.0,3.0,10.0,5.0,Other,Other,3.0,0,1,1,1,1,1,1,1,44.434781436092,40.141653987919995
154,bars,1-3-2060,300000,95.0,4.0,3.0,10.0,Panel,Good Condition,1.0,0,1,0,0,1,1,0,1,44.51181945133735,40.183313571671
155,bars,4-3-1332,260000,152.5,4.0,5.0,11.0,Panel,Good Condition,2.0,0,0,0,0,0,1,0,1,44.52473536231635,40.20625843913501
156,bars,1-2-971,265000,56.0,2.0,4.0,5.0,Other,Good Condition,1.0,0,0,0,0,0,1,0,0,44.51863665459219,40.17606564344017
157,bars,1-S-73,2400000,200.0,4.0,9.0,4.0,Other,Other,2.0,0,1,1,1,1,1,1,1,44.434781436092,40.141653987919995
158,bars,1-S-71,1300000,208.0,4.0,9.0,7.0,Other,Other,2.0,0,0,1,1,1,1,0,1,44.434781436092,40.141653987919995
160,bars,1-N-162,900000,200.0,4.0,5.0,10.0,Other,Good Condition,2.0,0,0,0,0,1,1,0,1,44.5074118246583,40.184754985885355
162,bars,1-3-1981,565000,140.0,3.0,2.0,4.0,Other,Needs Renovation/Repair,1.0,0,0,0,1,1,1,0,0,44.52381655212627,40.19066524195801
163,bars,4-3-1393,375000,138.0,4.0,7.0,8.0,Other,Good Condition,2.0,0,0,0,0,0,1,0,1,44.49295122036639,40.195119294914306
164,bars,1-3-2108,697000,110.0,4.0,3.0,6.0,Other,Good Condition,1.0,0,0,0,1,1,1,0,0,44.5215976,40.18607885
165,bars,1-N-278,630000,225.0,4.0,6.0,15.0,Other,Needs Renovation/Repair,4.0,1,0,0,0,0,0,0,0,44.51642634119875,40.18161375666288
166,bars,1-3-2107,350000,129.6,4.0,3.0,5.0,Other,Needs Renovation/Repair,1.0,0,0,0,1,1,1,0,0,44.5273774,40.17699785
167,bars,1-3-2018,265000,90.0,3.0,4.0,4.0,Other,Good Condition,2.0,0,0,0,0,0,1,0,0,44.50603348930943,40.19194689069822
168,bars,1-3-2028,175000,96.0,3.0,1.0,15.0,Panel,Needs Renovation/Repair,1.0,0,0,0,0,0,1,0,1,44.5055185,40.185361400000005
169,bars,1-2-982,260000,80.0,2.0,3.0,4.0,Stone,Needs Renovation/Repair,1.0,0,0,0,0,1,0,0,0,44.583870697678144,40.21673211791397
170,bars,2-1-44,70000,45.0,1.0,3.0,4.0,Stone,Good Condition,1.0,0,1,0,1,0,1,0,0,44.49588581289186,40.178518198636546
171,bars,6-Mal-48,230000,100.0,3.0,8.0,16.0,Other,Good Condition,2.0,0,0,0,0,1,0,0,1,44.5902935,40.18955105
172,bars,6-Av3-154,175000,108.0,3.0,12.0,16.0,Other,Needs Renovation/Repair,2.0,1,0,0,0,1,0,0,1,44.5388218,40.222082400000005
173,bars,1-3-2095,290000,70.0,3.0,2.0,6.0,Other,Good Condition,1.0,0,0,0,1,0,1,0,0,44.5180200101794,40.18203709652422
174,bars,6-Ach-119,180000,100.2,4.0,7.0,18.0,Other,Needs Renovation/Repair,2.0,1,0,0,0,1,0,0,1,44.46234708546167,40.1906722427931
175,bars,6-D4-101,270000,104.0,4.0,2.0,15.0,Other,Good Condition,2.0,0,1,0,0,1,1,0,1,44.4567380668362,40.166016462777485
176,bars,4-2-198,123000,68.0,2.0,5.0,5.0,Stone,Good Condition,1.0,0,0,0,0,1,0,0,0,44.50264037003831,40.20040397660547
177,bars,1-3-2104,200000,90.0,4.0,1.0,3.0,Stone,Needs Renovation/Repair,1.0,0,0,0,0,0,1,0,0,44.47752986786994,40.21777640245817
178,bars,4-3-1265,345000,153.0,3.0,6.0,6.0,Other,Good Condition,2.0,0,0,0,0,1,1,0,1,44.49978402004816,40.19794363418706
179,bars,1-3-1665,1750000,250.0,4.0,5.0,5.0,Other,Good Condition,2.0,0,0,0,1,1,1,0,0,44.50603348930943,40.19194689069822
180,bars,1-3-2102,365000,90.0,3.0,8.0,14.0,Monolit,Good Condition,1.0,0,1,1,1,0,1,1,1,44.499472776670245,40.180107053322125
181,bars,4-2-197,110000,55.0,2.0,3.0,5.0,Stone,Needs Renovation/Repair,1.0,0,0,0,0,1,0,0,0,44.4972968,40.20489739999999
182,bars,2-3-156,650000,165.0,4.0,16.0,8.0,Other,Good Condition,3.0,0,1,0,0,1,1,0,1,44.51811462379455,40.166993360178346
183,bars,4-3-1392,142000,71.0,3.0,3.0,14.0,Other,Needs Renovation/Repair,1.0,1,0,0,0,0,0,0,1,44.51413593557797,40.210664400899944
184,bars,4-3-1391,230000,98.0,3.0,3.0,8.0,Other,Good Condition,2.0,0,1,0,0,0,1,0,1,44.55827345658594,40.199176396159615
185,bars,4-3-1217,102000,90.2,3.0,9.0,9.0,Panel,Good Condition,1.0,0,0,0,1,1,1,0,1,44.49091100920923,40.204181641463855
186,bars,4-3-554,600000,187.0,4.0,4.0,16.0,Other,Good Condition,2.0,0,1,1,1,1,1,0,1,44.50603348930943,40.19194689069822
187,bars,1-3-1771,330000,140.0,6.0,5.0,9.0,Panel,Good Condition,3.0,0,0,0,1,1,1,0,1,44.519048808509375,40.177015330930764
188,bars,1-А-114,300000,121.0,4.0,4.0,4.0,Other,Needs Renovation/Repair,2.0,1,0,1,0,1,0,0,1,44.51228432718437,40.19590302536037
189,bars,4-3-1390,320000,93.0,3.0,10.0,11.0,Other,Good Condition,1.0,0,0,0,0,1,0,0,1,44.4972968,40.20489739999999
190,bars,1-B-108,330000,105.0,3.0,3.0,10.0,Other,Good Condition,2.0,0,1,0,0,1,1,0,1,44.55827345658594,40.199176396159615
191,bars,1-N-376,350000,105.0,4.0,7.0,11.0,Other,Good Condition,2.0,0,1,0,0,0,1,0,1,44.5247969,40.17890785
193,bars,1-2-973,370000,52.0,2.0,5.0,9.0,Other,Good Condition,1.0,0,0,0,1,1,1,0,1,44.5055185,40.185361400000005
194,bars,1-N-421,880000,170.0,4.0,21.0,22.0,Other,Good Condition,3.0,0,0,1,1,1,1,0,1,44.583870697678144,40.21673211791397
195,bars,1-DH-6,507870,188.1,4.0,3.0,8.0,Other,Needs Renovation/Repair,3.0,1,0,1,0,0,1,0,0,44.50523170804844,40.19493042144863
196,bars,1-A-64,550000,207.0,4.0,4.0,9.0,Other,Good Condition,3.0,0,1,0,0,1,0,0,0,44.50523170804844,40.19493042144863
197,bars,1-N-120,220000,54.0,2.0,2.0,18.0,Other,Good Condition,1.0,0,0,0,1,1,0,0,1,44.51228432718437,40.19590302536037
198,bars,1-A-107,1400000,350.0,5.0,4.0,4.0,Other,Good Condition,3.0,0,0,0,0,1,1,0,1,44.51228432718437,40.19590302536037
199,bars,6-NN1-125,64000,32.0,1.0,4.0,4.0,Stone,Good Condition,1.0,0,0,0,0,1,1,0,0,44.55833520806485,40.200767144092175
200,bars,4-3-1389,190000,96.0,3.0,2.0,14.0,Panel,Needs Renovation/Repair,2.0,0,0,0,0,1,0,0,1,44.5046635,40.21198605
201,bars,1-N-390,220000,120.0,3.0,13.0,13.0,Other,Needs Renovation/Repair,1.0,1,0,0,0,1,0,0,0,44.519048808509375,40.177015330930764
202,bars,1-2-981,175000,62.0,2.0,5.0,5.0,Stone,Good Condition,1.0,0,1,0,1,0,1,0,0,44.50548999069079,40.177259112639284
203,bars,1-A-99,160000,69.0,3.0,7.0,8.0,Other,Good Condition,1.0,0,1,0,0,0,1,0,1,44.51228432718437,40.19590302536037
204,bars,1-N-420,1260000,366.0,7.0,7.0,11.0,Other,Good Condition,4.0,0,1,1,0,1,1,0,1,44.5055185,40.185361400000005
205,bars,1-3-1958,380000,100.0,3.0,3.0,4.0,Other,Good Condition,1.0,0,0,0,0,1,1,0,0,44.51642634119875,40.18161375666288
206,bars,1-3-2101,270000,90.0,3.0,4.0,11.0,Panel,Other,1.0,0,0,0,1,1,1,0,1,44.51166722152143,40.182206184659805
207,bars,98976,95000,69.0,3.0,5.0,9.0,Panel,Good Condition,1.0,0,0,0,1,0,1,0,0,44.49015285,40.145965849999996
208,bars,4-3-1388,118000,68.0,3.0,3.0,5.0,Stone,Good Condition,1.0,0,0,0,0,0,1,0,0,44.52473536231635,40.20625843913501
209,bars,1-N-125,240000,45.0,2.0,5.0,14.0,Other,Good Condition,1.0,0,0,0,1,1,1,0,1,44.55827345658594,40.199176396159615
210,bars,4-2-69,150000,73.0,2.0,4.0,5.0,Stone,Needs Renovation/Repair,1.0,0,0,0,0,1,0,0,0,44.5046635,40.21198605
211,bars,1-3-1762а,200000,100.0,3.0,5.0,5.0,Other,Needs Renovation/Repair,1.0,0,0,0,0,0,0,0,0,44.583870697678144,40.21673211791397
212,bars,1-3-2100,170000,98.0,3.0,12.0,16.0,Panel,Needs Renovation/Repair,1.0,0,0,1,0,0,0,0,1,44.5273774,40.17699785
213,bars,2-3-172,120000,67.0,3.0,2.0,14.0,Panel,Needs Renovation/Repair,1.0,0,0,0,0,1,1,0,1,44.52003469603711,40.17296185385123
214,bars,4-3-1387,210000,75.0,3.0,2.0,16.0,Other,Good Condition,1.0,0,1,0,0,1,1,0,1,44.4972968,40.20489739999999
215,bars,4-3-1386,150000,80.0,3.0,2.0,5.0,Other,Good Condition,1.0,0,1,0,0,1,1,0,0,44.51002309500625,40.20586486520793
216,bars,1-N-419,386000,115.7,4.0,6.0,6.0,Other,Good Condition,2.0,0,0,0,0,0,0,0,0,44.525802703963514,40.17890932602983
217,bars,4-3-931,125000,110.0,4.0,14.0,14.0,Panel,Needs Renovation/Repair,1.0,0,0,0,0,0,0,0,1,44.509269992836,40.20967865714541
218,bars,1-N-418,450000,121.0,3.0,4.0,7.0,Other,Good Condition,2.0,0,1,0,1,0,1,0,1,44.5180200101794,40.18203709652422
219,bars,1-3-2017,230000,90.0,3.0,5.0,5.0,Stone,Good Condition,1.0,0,0,0,1,1,1,0,0,44.514048989347714,40.1861605885798
220,bars,6-Av3-153,214000,107.0,3.0,10.0,14.0,Other,Good Condition,2.0,0,0,0,0,1,1,0,1,44.5388218,40.222082400000005
221,bars,4-3-1384,135000,102.0,4.0,10.0,14.0,Panel,Needs Renovation/Repair,1.0,0,0,0,0,0,1,0,1,44.509269992836,40.20967865714541
222,bars,6-Z3-259,113000,55.0,3.0,5.0,5.0,Stone,Good Condition,1.0,0,1,0,0,0,1,0,0,44.53131187614989,40.2057431020302
223,bars,1-3-2082,290000,94.0,3.0,3.0,13.0,Panel,Good Condition,3.0,0,0,0,1,1,1,0,1,44.583870697678144,40.21673211791397
224,bars,4-3-1360,420000,125.0,4.0,2.0,15.0,Other,Good Condition,2.0,0,0,1,0,1,1,0,1,44.49857435,40.209585149999995
225,bars,1-N-384,450000,123.0,3.0,3.0,15.0,Other,Good Condition,2.0,0,0,0,0,1,1,0,1,44.50439786901182,40.18091474247
226,bars,1-B-117,370000,90.0,4.0,7.0,15.0,Other,Good Condition,1.0,0,0,0,1,1,1,0,1,44.51863665459219,40.17606564344017
227,bars,4-2-194,110000,68.2,2.0,1.0,5.0,Stone,Needs Renovation/Repair,1.0,0,0,0,0,0,0,0,0,44.52473536231635,40.20625843913501
228,bars,4-3-1383,215000,91.0,4.0,3.0,5.0,Stone,Good Condition,2.0,0,1,0,1,1,1,0,0,44.52473536231635,40.20625843913501
229,bars,6-NN3-340,380000,171.0,4.0,10.0,14.0,Other,Good Condition,1.0,0,1,0,0,1,1,0,1,44.56767632462467,40.1901200973952
230,bars,1-3-2098,280000,138.0,4.0,9.0,9.0,Panel,Good Condition,2.0,0,1,0,1,1,1,0,1,44.45609932611657,40.15477242139723
231,bars,6-NN2-213,90000,65.0,2.0,5.0,12.0,Panel,Needs Renovation/Repair,1.0,0,0,0,0,0,1,0,1,44.56766267869721,40.190976192401365
232,bars,1-1-440,148000,38.0,1.0,5.0,10.0,Panel,Good Condition,1.0,0,1,0,0,1,1,0,1,44.50449735,40.1832187
233,bars,1-A-109,560000,160.0,4.0,4.0,5.0,Other,Good Condition,2.0,0,1,1,1,0,1,0,1,44.50523170804844,40.19493042144863
234,bars,4-3-1151,92000,83.0,3.0,5.0,9.0,Panel,Good Condition,1.0,0,0,0,0,0,0,0,1,44.57251521346963,40.21266289465016
235,bars,1-2-978,170000,60.0,2.0,4.0,5.0,Stone,Needs Renovation/Repair,1.0,0,0,0,1,0,0,0,0,44.51642634119875,40.18161375666288
236,bars,2-3-171,445000,143.0,4.0,1.0,7.0,Other,Good Condition,2.0,0,0,0,0,0,1,0,1,44.5273774,40.17699785
237,bars,6-NN-339,70000,60.0,3.0,5.0,5.0,Stone,Other,1.0,0,0,0,0,0,1,0,0,44.57111460185527,40.2061998983339
239,bars,4-3-1322,300000,147.1,4.0,3.0,4.0,Other,Good Condition,2.0,0,0,1,1,1,1,0,0,44.520265311668524,40.1995721688172
240,bars,4-3-1381,280000,117.0,3.0,6.0,17.0,Other,Needs Renovation/Repair,1.0,1,0,0,0,1,0,0,1,44.51872985,40.204131149999995
241,bars,4-3-1355,198000,90.0,3.0,3.0,8.0,Other,Good Condition,2.0,0,0,0,0,1,1,0,1,44.55827345658594,40.199176396159615
242,bars,4-3-1380,600000,174.0,3.0,1.0,4.0,Stone,Good Condition,1.0,0,0,0,0,0,1,0,0,44.4672332201912,40.19625664909909
243,bars,2-3-59,300000,80.0,3.0,1.0,3.0,Other,Good Condition,1.0,0,0,0,0,0,0,0,0,44.55827345658594,40.199176396159615
244,bars,1-N-417,750000,185.0,5.0,5.0,9.0,Other,Good Condition,2.0,0,0,0,0,1,1,0,1,44.51181945133735,40.183313571671
245,bars,1-A-84,380000,190.0,4.0,3.0,8.0,Other,Good Condition,3.0,0,1,0,1,1,1,0,1,44.51228432718437,40.19590302536037
246,bars,1-2-977,210000,66.7,2.0,3.0,4.0,Other,Good Condition,1.0,0,0,0,0,1,1,0,0,44.50948029563954,40.17885352616499
247,bars,4-2-192,190000,56.4,2.0,5.0,8.0,Other,Good Condition,1.0,0,1,0,0,1,1,0,1,44.4625288,40.172490550000006
248,bars,6-D3-195,160000,68.0,3.0,5.0,5.0,Other,Good Condition,1.0,0,0,0,0,0,1,0,1,44.49633619872418,40.22328636163789
249,bars,6-NN-4,165000,120.0,3.0,5.0,7.0,Other,Good Condition,2.0,0,0,0,0,1,1,0,1,44.56801074287233,40.198569321875524
250,bars,4-3-1378,109000,75.0,3.0,1.0,4.0,Other,Good Condition,1.0,0,0,0,1,0,1,0,0,44.520265311668524,40.1995721688172
251,bars,1-S-51,1500000,256.0,5.0,4.0,9.0,Other,Good Condition,3.0,0,1,0,0,1,1,0,1,44.434781436092,40.141653987919995
252,bars,4-3-1377,260000,90.0,3.0,4.0,9.0,Other,Needs Renovation/Repair,2.0,1,0,0,0,1,0,0,1,44.50164222859443,40.19625902492543
253,bars,4-3-1286,170000,104.0,4.0,3.0,10.0,Panel,Other,1.0,0,0,0,0,1,1,0,1,44.50603348930943,40.19194689069822
254,bars,1-A-117,380000,106.7,3.0,4.0,7.0,Other,Good Condition,2.0,0,0,0,1,1,1,0,1,44.51228432718437,40.19590302536037
255,bars,1-1-439,105000,43.0,1.0,4.0,4.0,Stone,Good Condition,1.0,0,0,0,1,1,1,0,0,44.45609932611657,40.15477242139723
256,bars,1-1-438,105000,34.0,1.0,4.0,5.0,Stone,Needs Renovation/Repair,1.0,0,0,0,1,0,0,0,0,44.50548999069079,40.177259112639284
257,bars,1-N-416,1224000,242.0,5.0,7.0,16.0,Other,Good Condition,4.0,0,0,1,0,1,1,0,1,44.50439786901182,40.18091474247
258,bars,2-3-170,390000,165.0,4.0,2.0,10.0,Other,Good Condition,2.0,0,0,1,1,1,1,0,1,44.51811462379455,40.166993360178346
259,bars,1-A-115,250000,93.0,3.0,5.0,6.0,Other,Needs Renovation/Repair,2.0,1,0,0,0,0,0,0,0,44.51228432718437,40.19590302536037
260,bars,4-3-1376,240000,109.0,3.0,10.0,16.0,Other,Good Condition,2.0,0,0,0,1,1,1,0,1,44.51872985,40.204131149999995
261,bars,1-3-2090,165000,82.0,3.0,3.0,4.0,Stone,Good Condition,1.0,0,1,0,1,0,1,0,0,44.499472776670245,40.180107053322125
262,bars,4-3-1365,330000,120.0,4.0,3.0,16.0,Other,Good Condition,2.0,0,0,0,0,0,1,0,1,44.51413593557797,40.210664400899944
263,bars,6-Ach-118,115000,80.0,3.0,3.0,16.0,Panel,Good Condition,1.0,0,1,0,0,1,1,0,1,44.43443755,40.117706
264,bars,4-3-1372,175000,83.0,4.0,2.0,5.0,Stone,Good Condition,1.0,0,0,0,0,1,1,0,0,44.51002309500625,40.20586486520793
265,bars,4-3-1571,135000,100.0,3.0,4.0,5.0,Stone,Good Condition,1.0,0,0,0,0,0,0,0,0,44.51002309500625,40.20586486520793
266,bars,4-3-1359,306000,175.0,4.0,3.0,16.0,Panel,Good Condition,2.0,0,0,0,0,0,0,0,0,44.52473536231635,40.20625843913501
267,bars,1-3-2093,262000,105.0,3.0,6.0,6.0,Other,Good Condition,2.0,0,1,0,1,0,1,0,1,44.583870697678144,40.21673211791397
268,bars,4-3-1370,132000,75.0,2.0,2.0,5.0,Stone,Needs Renovation/Repair,1.0,0,0,0,0,0,1,0,0,44.52473536231635,40.20625843913501
269,bars,4-3-1362,400000,140.0,4.0,11.0,17.0,Other,Good Condition,2.0,0,1,0,1,1,1,0,0,44.50603348930943,40.19194689069822
270,bars,4-3-1363,450000,170.0,5.0,5.0,9.0,Other,Good Condition,2.0,0,1,0,0,0,0,0,0,44.55827345658594,40.199176396159615
272,bars,3-3-2091,410000,124.0,4.0,3.0,6.0,Other,Good Condition,2.0,0,1,0,0,0,1,0,0,44.51166722152143,40.182206184659805
274,bars,1-3-2034,400000,148.0,3.0,3.0,4.0,Other,Needs Renovation/Repair,1.0,0,0,0,1,0,1,0,0,44.51642634119875,40.18161375666288
275,bars,4-3-1358,179000,91.0,3.0,4.0,7.0,Other,Good Condition,2.0,0,0,0,1,1,1,0,1,44.491346750379165,40.19366433254226
277,bars,1-N-338,250000,90.0,3.0,4.0,11.0,Other,Good Condition,1.0,0,0,0,0,0,1,0,1,44.51181945133735,40.183313571671
278,bars,1-A-113,500000,146.0,4.0,3.0,6.0,Other,Needs Renovation/Repair,2.0,1,0,1,0,1,0,0,1,44.50523170804844,40.19493042144863
279,bars,1-3-2088,800000,143.4,4.0,5.0,5.0,Other,Good Condition,3.0,0,0,0,1,0,0,0,0,44.525275644939626,40.18489525304254
280,bars,4-3-1353,120000,91.0,3.0,2.0,9.0,Panel,Needs Renovation/Repair,1.0,0,0,0,0,0,1,0,1,44.4972968,40.20489739999999
281,bars,4-2-188,255000,65.0,2.0,5.0,5.0,Other,Good Condition,1.0,0,0,0,1,1,1,0,0,44.52473536231635,40.20625843913501
282,bars,4-2-187,120000,55.0,2.0,5.0,5.0,Stone,Good Condition,1.0,0,0,0,1,1,1,0,0,44.4972968,40.20489739999999
283,bars,4-2-186,125000,55.0,2.0,4.0,5.0,Stone,Good Condition,1.0,0,0,0,1,1,1,0,0,44.4972968,40.20489739999999
284,bars,4-3-1208,190000,94.0,3.0,6.0,6.0,Other,Good Condition,1.0,0,0,0,0,1,1,0,1,44.52473536231635,40.20625843913501
285,bars,4-3-1354,260000,112.0,3.0,10.0,12.0,Other,Good Condition,1.0,0,0,0,0,0,1,0,1,44.50824234549154,40.20230021885149
286,bars,1-N-348,270000,135.0,3.0,4.0,9.0,Other,Needs Renovation/Repair,2.0,0,0,0,0,1,1,0,1,44.5247969,40.17890785
287,bars,4-3-1357,162000,76.0,3.0,4.0,14.0,Other,Good Condition,1.0,0,0,0,0,1,1,0,1,44.499155086504345,40.19562050194883
288,bars,4-3-1352,330000,108.8,3.0,5.0,5.0,Stone,Good Condition,1.0,0,0,0,0,0,0,0,0,44.520265311668524,40.1995721688172
289,bars,4-3-1350,170000,82.5,3.0,5.0,5.0,Stone,Good Condition,1.0,0,1,0,1,0,1,0,0,44.52473536231635,40.20625843913501
290,bars,4-3--1349,150000,70.0,3.0,5.0,5.0,Stone,Good Condition,1.0,0,0,0,0,0,0,0,0,44.49844424700246,40.19994302020931
291,bars,4-3-1027,120000,87.5,3.0,1.0,10.0,Panel,Good Condition,2.0,0,0,0,0,0,1,0,1,44.509269992836,40.20967865714541
292,bars,4-3-1247,200000,76.0,3.0,2.0,5.0,Stone,Needs Renovation/Repair,1.0,0,0,0,0,0,1,0,0,44.499155086504345,40.19562050194883
293,bars,4-3-1256,285000,101.0,3.0,7.0,18.0,Other,Good Condition,2.0,0,1,1,1,0,1,0,1,44.55827345658594,40.199176396159615
294,bars,1-3-2087,133000,55.0,2.0,5.0,5.0,Stone,Good Condition,1.0,0,0,0,0,1,1,0,0,44.47752986786994,40.21777640245817
295,bars,4-3-1348,204000,73.6,3.0,3.0,8.0,Other,Good Condition,2.0,0,1,1,0,1,1,0,1,44.55827345658594,40.199176396159615
296,bars,4-3-1347,240000,72.0,3.0,3.0,4.0,Stone,Good Condition,1.0,0,1,0,0,0,1,0,0,44.52473536231635,40.20625843913501
297,bars,1-N-163,600000,215.0,4.0,9.0,12.0,Other,Good Condition,3.0,0,0,1,0,1,1,0,1,44.50449735,40.1832187
299,bars,1-N-414,330000,135.0,3.0,3.0,4.0,Other,Good Condition,2.0,0,0,0,1,1,1,0,1,44.499472776670245,40.180107053322125
300,bars,1-B-124,680000,140.0,4.0,3.0,17.0,Other,Good Condition,2.0,0,0,1,0,1,0,0,1,44.51863665459219,40.17606564344017
301,bars,1-B-67,220000,68.0,3.0,2.0,7.0,Other,Good Condition,1.0,0,0,0,1,0,1,0,1,44.55827345658594,40.199176396159615
302,bars,1-T-1,1400000,260.1,4.0,6.0,12.0,Other,Good Condition,3.0,0,1,1,0,1,1,0,1,44.52381655212627,40.19066524195801
303,bars,1-B-120,255000,58.0,2.0,15.0,13.0,Other,Good Condition,1.0,0,0,0,1,0,1,0,1,44.51863665459219,40.17606564344017
304,bars,1-3-2086,390000,113.0,4.0,2.0,5.0,Other,Other,2.0,0,1,0,1,1,1,0,0,44.519048808509375,40.177015330930764
305,bars,4-3-282,270000,110.0,3.0,5.0,7.0,Other,Good Condition,2.0,0,0,1,1,1,1,0,0,44.50472122504243,40.19100870974382
306,bars,1-T-5,1100000,192.14,4.0,10.0,12.0,Other,Good Condition,3.0,0,1,0,0,1,1,0,1,44.52381655212627,40.19066524195801
307,bars,1-N-387,460000,120.0,3.0,9.0,10.0,Other,Good Condition,2.0,0,1,0,0,0,1,0,1,44.52381655212627,40.19066524195801
308,bars,1-A-112,160000,58.0,2.0,2.0,7.0,Other,Good Condition,1.0,0,0,0,0,1,1,0,1,44.50523170804844,40.19493042144863
309,bars,1-A-101,380000,132.0,3.0,5.0,5.0,Other,Good Condition,2.0,0,1,0,1,1,1,0,1,44.51228432718437,40.19590302536037
310,bars,6-D3-200,113000,70.0,2.0,14.0,18.0,Other,Needs Renovation/Repair,1.0,1,0,0,0,1,0,0,1,44.49532827557046,40.21935278444905
311,bars,4-2-118,200000,59.0,2.0,12.0,16.0,Other,Needs Renovation/Repair,1.0,1,0,0,0,1,0,0,1,44.49082633472604,40.19822318396341
312,bars,4-2-185,200000,61.0,2.0,5.0,11.0,Other,Good Condition,1.0,0,1,0,0,1,1,0,1,44.4972968,40.20489739999999
313,bars,6-D4-98,320000,138.0,4.0,2.0,5.0,Other,Good Condition,2.0,0,0,0,0,0,1,0,1,44.4701813882256,40.21611126911036
314,bars,1-B-119,900000,142.0,3.0,14.0,3.0,Other,Good Condition,2.0,0,0,0,1,0,1,0,1,44.51863665459219,40.17606564344017
315,bars,1-3-2058,255000,92.0,3.0,9.0,11.0,Panel,Good Condition,2.0,0,1,0,1,1,1,0,1,44.51166722152143,40.182206184659805
316,bars,1-3-2083,470000,90.0,3.0,3.0,6.0,Other,Needs Renovation/Repair,1.0,0,0,0,1,1,0,0,0,44.5215976,40.18607885
317,bars,1-2-974,300000,69.0,2.0,10.0,11.0,Panel,Good Condition,2.0,0,0,0,1,0,0,0,1,44.50449735,40.1832187
318,bars,1-2-968,259000,39.0,2.0,8.0,15.0,Other,Good Condition,1.0,0,1,0,0,1,1,0,1,44.55827345658594,40.199176396159615
319,bars,1-B-116,315000,63.0,2.0,9.0,14.0,Other,Good Condition,1.0,0,0,1,1,0,1,0,1,44.55827345658594,40.199176396159615
320,bars,1-3-2085,370000,93.0,3.0,2.0,9.0,Stone,Good Condition,1.0,0,0,0,0,0,0,0,1,44.514048989347714,40.1861605885798
321,bars,1-2-970,165000,80.0,2.0,2.0,9.0,Panel,Good Condition,1.0,0,0,0,0,0,0,0,0,44.583870697678144,40.21673211791397
322,bars,4-3-1345,550000,376.0,5.0,17.0,17.0,Other,Good Condition,3.0,0,0,0,1,1,1,0,1,44.50603348930943,40.19194689069822
323,bars,4-3-1150,250000,105.0,3.0,10.0,18.0,Other,Good Condition,2.0,0,1,0,0,0,1,0,1,44.55827345658594,40.199176396159615
324,bars,1-2-969,330000,75.0,2.0,5.0,18.0,Other,Good Condition,1.0,0,0,0,0,0,0,0,0,44.5074118246583,40.184754985885355
325,bars,1-N-395,250000,112.0,4.0,4.0,13.0,Other,Good Condition,2.0,0,0,0,0,1,1,0,1,44.5273774,40.17699785
326,bars,1-N-109,550000,120.0,3.0,8.0,14.0,Other,Good Condition,2.0,0,0,1,0,1,1,0,1,44.51863665459219,40.17606564344017
327,bars,1-N-405,430000,130.0,3.0,7.0,4.0,Other,Good Condition,2.0,0,0,1,1,1,1,0,1,44.505052000470215,40.183781674798254
328,bars,1-N-274,900000,225.8,5.0,6.0,15.0,Other,Good Condition,4.0,0,0,0,0,0,0,0,0,44.51642634119875,40.18161375666288
329,bars,1-3-2080,900000,320.0,7.0,5.0,4.0,Other,Needs Renovation/Repair,4.0,0,0,0,1,1,1,0,0,44.51808492499669,40.187096641397815
330,bars,1-A-98,430000,105.0,4.0,2.0,6.0,Other,Good Condition,1.0,0,1,0,1,1,1,0,1,44.50523170804844,40.19493042144863
331,bars,1-A-110,306000,190.0,5.0,2.0,3.0,Other,Needs Renovation/Repair,2.0,1,0,0,0,0,0,0,0,44.51228432718437,40.19590302536037
332,bars,1-N-396,430000,121.0,3.0,5.0,5.0,Other,Good Condition,2.0,0,1,0,0,1,1,0,1,44.583870697678144,40.21673211791397
333,bars,4-3-1288,275000,154.0,4.0,10.0,14.0,Other,Good Condition,2.0,0,1,0,0,1,1,0,1,44.509269992836,40.20967865714541
334,bars,1-N-12,640000,194.0,5.0,7.0,9.0,Other,Good Condition,2.0,0,0,1,1,1,1,0,1,44.51181945133735,40.183313571671
335,bars,4-2-167,150000,62.0,2.0,3.0,6.0,Other,Good Condition,1.0,0,1,0,1,1,1,0,1,44.48842560030741,40.19502146089586
336,bars,1-3-1954,300000,106.0,4.0,3.0,4.0,Other,Good Condition,1.0,0,0,0,0,1,0,0,0,44.50603348930943,40.19194689069822
337,bars,1-N-265,1000000,145.0,3.0,8.0,14.0,Other,Good Condition,2.0,0,0,1,1,1,1,0,1,44.51642634119875,40.18161375666288
338,bars,4-3-95,200000,104.0,4.0,4.0,7.0,Other,Needs Renovation/Repair,2.0,0,0,0,1,0,1,0,1,44.50603348930943,40.19194689069822
339,bars,4-3-1336,430000,165.0,5.0,11.0,17.0,Other,Good Condition,1.0,0,0,0,1,1,1,0,1,44.50603348930943,40.19194689069822
340,bars,6-D3-199,156000,78.0,3.0,9.0,12.0,Other,Good Condition,1.0,0,1,0,0,1,1,0,1,44.4567380668362,40.166016462777485
341,bars,1-3-1976,185000,130.0,4.0,4.0,5.0,Stone,Good Condition,2.0,0,0,0,0,1,1,0,0,44.5055185,40.185361400000005
342,bars,4-3-1218,250000,92.0,3.0,7.0,12.0,Other,Good Condition,1.0,0,1,0,1,1,1,0,1,44.52141545745753,40.160291821818525
343,bars,4-3-1111,250000,165.0,5.0,3.0,5.0,Stone,Good Condition,3.0,0,0,0,0,1,0,0,0,44.49978402004816,40.19794363418706
344,bars,4-3-329,450000,178.9,4.0,2.0,4.0,Other,Good Condition,2.0,0,0,0,1,0,1,0,0,44.497928566324596,40.203858779099114
345,bars,4-3-658,125000,135.0,4.0,7.0,8.0,Panel,Good Condition,3.0,0,0,0,0,1,0,0,1,44.49857435,40.209585149999995
346,bars,4-3-936,65000,98.5,4.0,2.0,9.0,Panel,Good Condition,2.0,0,0,0,0,0,1,0,0,44.536055686499054,40.21881726936828
347,bars,1-2-933,120000,63.0,2.0,12.0,14.0,Other,Good Condition,1.0,0,1,0,0,1,1,0,1,44.50409202665325,40.17429211194108
348,bars,6-NM-3,105000,92.0,4.0,2.0,3.0,Stone,Good Condition,1.0,0,1,0,0,1,1,0,0,44.552282393219535,40.19046429667407
349,bars,1-B-115,286000,67.0,2.0,9.0,10.0,Other,Good Condition,2.0,0,0,0,1,0,1,0,1,44.51863665459219,40.17606564344017
350,bars,6-D3-178,85000,72.0,3.0,9.0,9.0,Panel,Needs Renovation/Repair,1.0,0,0,0,0,0,0,0,1,44.47752986786994,40.21777640245817
351,bars,6-Z-117,125000,67.0,2.0,13.0,15.0,Other,Good Condition,1.0,0,0,0,0,1,1,0,1,44.54016340378585,40.204839367697545
352,bars,4-3-1141.1,170000,109.0,4.0,3.0,7.0,Other,Needs Renovation/Repair,1.0,0,0,0,0,1,0,0,0,44.4672332201912,40.19625664909909
353,bars,2-3-72,150000,87.0,3.0,4.0,4.0,Other,Good Condition,1.0,0,1,0,0,0,1,0,0,44.521708950000004,40.16713265
354,bars,1-3-1990,470000,200.0,4.0,1.0,3.0,Other,Good Condition,1.0,0,1,0,1,1,1,1,0,44.512115310889925,40.18645225816211
355,bars,4-3-1333,165000,100.0,3.0,3.0,4.0,Other,Good Condition,1.0,0,1,0,0,0,0,0,0,44.5046635,40.21198605
356,bars,1-3-1943,500000,145.0,6.0,2.0,5.0,Other,Needs Renovation/Repair,3.0,0,0,0,0,0,0,0,0,44.50603348930943,40.19194689069822
357,bars,1-3-2077,250000,110.0,3.0,3.0,4.0,Other,Needs Renovation/Repair,2.0,0,0,0,0,0,0,0,0,44.517821617617976,40.177431841441944
358,bars,4-3-1341,185000,74.0,3.0,15.0,16.0,Other,Good Condition,1.0,0,1,0,0,1,1,0,1,44.51413593557797,40.210664400899944
359,bars,4-3-1339,160000,96.3,3.0,3.0,12.0,Other,Needs Renovation/Repair,2.0,1,0,0,0,0,0,0,1,44.52733885,40.20019725
360,bars,4-3-1338,118000,78.0,3.0,1.0,5.0,Stone,Needs Renovation/Repair,1.0,0,0,0,0,0,1,0,0,44.49857435,40.209585149999995
361,bars,1-3-2076,275000,90.0,3.0,3.0,5.0,Stone,Good Condition,1.0,0,0,0,0,1,1,0,0,44.5180200101794,40.18203709652422
362,bars,1-N-400,370000,98.0,6.0,7.0,12.0,Other,Good Condition,2.0,0,0,0,0,0,1,0,1,44.51642634119875,40.18161375666288
363,bars,1-T-8,1250000,197.0,5.0,5.0,12.0,Other,Good Condition,2.0,0,1,0,1,1,1,0,1,44.52381655212627,40.19066524195801
364,bars,1-3-2035,375000,133.0,4.0,2.0,3.0,Stone,Good Condition,2.0,0,0,0,0,1,1,0,0,44.5215976,40.18607885
365,bars,2-3-168,145000,90.0,3.0,3.0,5.0,Stone,Good Condition,1.0,0,0,0,0,0,1,0,0,44.51344849450384,40.1767382062846
366,bars,v,200000,86.0,3.0,14.0,14.0,Other,Good Condition,1.0,0,0,0,0,1,1,0,1,44.50409202665325,40.17429211194108
367,bars,1-N-379,185000,135.0,4.0,4.0,12.0,Other,Good Condition,2.0,0,0,0,0,0,1,0,1,44.5247969,40.17890785
368,bars,1-N-394,145000,79.0,3.0,5.0,5.0,Other,Good Condition,2.0,0,1,0,1,0,1,0,0,44.5180200101794,40.18203709652422
369,bars,1-N-367,390000,178.0,4.0,12.0,14.0,Other,Good Condition,3.0,0,1,0,0,1,1,0,1,44.50409202665325,40.17429211194108
370,bars,2-2-275,75000,46.0,2.0,2.0,9.0,Panel,Needs Renovation/Repair,1.0,0,0,0,0,0,0,0,1,44.51344849450384,40.1767382062846
371,bars,6-Ts3-78,290000,115.0,3.0,5.0,13.0,Other,Good Condition,2.0,0,1,0,0,1,1,0,1,44.482691873318714,40.181589956787796
372,bars,1-3-2074,185000,85.0,3.0,8.0,9.0,Panel,Needs Renovation/Repair,1.0,0,0,0,0,1,0,0,1,44.51181945133735,40.183313571671
373,bars,1-3-2073,183000,81.0,3.0,8.0,10.0,Monolit,Needs Renovation/Repair,1.0,0,0,0,1,0,0,0,1,44.525275644939626,40.18489525304254
374,bars,1-3-2072,280000,102.0,4.0,4.0,4.0,Stone,Good Condition,1.0,0,1,0,0,1,1,0,0,44.5273774,40.17699785
375,bars,1-3-1903,145000,92.5,3.0,6.0,6.0,Other,Needs Renovation/Repair,1.0,0,0,0,0,0,0,0,1,44.45609932611657,40.15477242139723
376,bars,1-1-436,140000,40.0,1.0,11.0,11.0,Panel,Good Condition,1.0,0,0,0,1,0,1,0,1,44.505052000470215,40.183781674798254
377,bars,1-A-106,245000,75.0,2.0,2.0,5.0,Other,Good Condition,1.0,0,1,0,0,0,0,0,1,44.51228432718437,40.19590302536037
378,bars,1-B-111,600000,133.0,4.0,11.0,14.0,Other,Needs Renovation/Repair,2.0,0,0,0,0,1,0,0,1,44.51863665459219,40.17606564344017
379,bars,2-3-167,330000,130.0,4.0,5.0,10.0,Other,Good Condition,2.0,0,0,0,0,1,1,0,1,44.51811462379455,40.166993360178346
380,bars,2-3-90,152000,96.0,3.0,8.0,9.0,Panel,Good Condition,1.0,0,1,0,1,0,1,0,1,44.519038948459674,40.17136765837956
381,bars,2-2-252,110000,49.0,2.0,1.0,5.0,Stone,Good Condition,1.0,0,1,0,0,1,1,0,0,44.519038948459674,40.17136765837956
382,bars,4-3-1331,125000,96.0,3.0,7.0,9.0,Panel,Needs Renovation/Repair,1.0,0,0,0,0,0,0,0,1,44.49091100920923,40.204181641463855
383,bars,1-A-104,358000,121.0,3.0,3.0,6.0,Other,Good Condition,2.0,0,1,0,0,1,1,0,1,44.51228432718437,40.19590302536037
384,bars,2-2-277,182000,84.0,2.0,18.0,21.0,Other,Good Condition,2.0,0,0,0,1,1,1,0,1,44.482691873318714,40.181589956787796
385,bars,1-1-352,80000,32.0,1.0,5.0,5.0,Other,Other,1.0,0,0,0,0,0,0,0,0,44.52311939810804,40.18877081913275
386,bars,1-3-2069,765000,170.0,5.0,5.0,6.0,Other,Good Condition,3.0,0,1,0,1,1,1,0,0,44.517821617617976,40.177431841441944
387,bars,4-3-1337,200000,120.0,4.0,3.0,5.0,Stone,Good Condition,1.0,0,1,0,0,1,1,0,0,44.49857435,40.209585149999995
388,bars,1-S-53,850000,196.0,2.0,10.0,13.0,Other,Good Condition,3.0,0,0,0,0,1,1,0,1,44.434781436092,40.141653987919995
389,bars,1-A-102,350000,100.0,3.0,4.0,5.0,Other,Good Condition,2.0,0,1,0,0,1,1,0,1,44.51228432718437,40.19590302536037
390,bars,4-2-170,150000,70.0,2.0,10.0,15.0,Other,Needs Renovation/Repair,1.0,1,0,0,0,1,0,0,0,44.51413593557797,40.210664400899944
391,bars,1-2-972,250000,44.6,2.0,7.0,18.0,Other,Good Condition,1.0,0,1,0,1,1,1,0,1,44.51166722152143,40.182206184659805
392,bars,4-3-1327,180000,95.0,3.0,7.0,13.0,Other,Needs Renovation/Repair,2.0,1,0,0,0,1,1,0,0,44.5046635,40.21198605
393,bars,4-3-1334,185000,100.0,3.0,2.0,14.0,Other,Needs Renovation/Repair,2.0,1,0,0,0,1,0,0,1,44.5046635,40.21198605
394,bars,1-A-103,190000,93.0,3.0,5.0,6.0,Other,Needs Renovation/Repair,2.0,1,0,0,0,1,0,0,1,44.51228432718437,40.19590302536037
395,bars,1-3-2068,639000,213.0,6.0,4.0,5.0,Other,Needs Renovation/Repair,2.0,0,0,0,0,0,0,0,0,44.51808492499669,40.187096641397815
396,bars,6-Z3-194,324000,240.0,4.0,9.0,9.0,Other,Needs Renovation/Repair,3.0,0,0,1,0,1,0,0,1,44.54340269291652,40.19862324605405
397,bars,2-3-165,165000,106.0,3.0,2.0,15.0,Other,Good Condition,2.0,0,1,0,1,0,1,0,1,44.50409202665325,40.17429211194108
398,bars,3-Mal-47,205000,101.0,3.0,13.0,17.0,Other,Needs Renovation/Repair,2.0,1,0,0,1,0,1,0,1,44.5902935,40.18955105
399,bars,6-M2-212,90000,80.0,3.0,1.0,9.0,Stone,Good Condition,1.0,0,0,0,0,0,1,0,1,44.57111460185527,40.2061998983339
400,bars,4-3-1329,160000,90.0,3.0,4.0,14.0,Other,Needs Renovation/Repair,2.0,0,0,0,0,0,0,0,1,44.497928566324596,40.203858779099114
401,bars,4-3-1330,155000,80.0,3.0,5.0,14.0,Other,Needs Renovation/Repair,2.0,1,0,0,0,1,0,0,1,44.48257217096905,40.20346679579425
402,bars,1-A-83,360000,116.6,3.0,1.0,7.0,Other,Good Condition,2.0,0,1,1,1,1,1,0,1,44.50523170804844,40.19493042144863
403,bars,4-3-1328,168000,100.0,3.0,8.0,14.0,Other,Good Condition,2.0,0,0,0,0,1,0,0,1,44.5046635,40.21198605
404,bars,4-3-1276,378000,158.0,4.0,12.0,15.0,Other,Good Condition,3.0,0,1,0,0,1,1,0,1,44.499155086504345,40.19562050194883
405,bars,1-3-2066,745000,149.0,4.0,3.0,3.0,Other,Good Condition,2.0,0,0,0,0,0,0,0,0,44.5776738850503,40.217118108862934
406,bars,1-3-2065,370000,200.0,4.0,3.0,3.0,Stone,Good Condition,3.0,0,0,0,0,0,1,0,0,44.5180200101794,40.18203709652422
407,bars,1-N-320,350000,75.0,3.0,6.0,10.0,Other,Good Condition,1.0,0,0,0,0,0,0,0,0,44.525275644939626,40.18489525304254
408,bars,1-B-96,280000,73.0,3.0,3.0,10.0,Other,Good Condition,2.0,0,0,0,0,1,1,0,1,44.51863665459219,40.17606564344017
409,bars,1-N-185,320000,210.0,4.0,5.0,7.0,Other,Good Condition,3.0,0,1,0,1,1,1,0,0,44.50948029563954,40.17885352616499
410,bars,1-N-98,1100000,417.0,7.0,5.0,6.0,Other,Good Condition,2.0,0,1,1,1,1,1,0,1,44.50948029563954,40.17885352616499
411,bars,1-N-304,400000,178.0,3.0,13.0,21.0,Other,Good Condition,2.0,0,0,0,0,0,0,0,0,44.519048808509375,40.177015330930764
412,bars,1-3-2036,290000,140.0,4.0,3.0,8.0,Other,Needs Renovation/Repair,2.0,0,0,0,1,1,1,0,1,44.583870697678144,40.21673211791397
413,bars,1-3-2064,350000,110.0,4.0,1.0,3.0,Stone,Good Condition,2.0,0,0,0,1,0,1,0,0,44.5044544,40.19219245
414,bars,1-3-2027,250000,103.0,3.0,9.0,12.0,Panel,Good Condition,1.0,0,0,0,0,1,1,0,1,44.514048989347714,40.1861605885798
415,bars,6-D3-194,116000,97.0,3.0,2.0,10.0,Other,Good Condition,1.0,0,1,0,0,1,1,0,1,44.47752986786994,40.21777640245817
416,bars,4-3-1169,510000,238.0,5.0,4.0,4.0,Other,Good Condition,2.0,0,1,0,1,1,1,0,1,44.5388218,40.222082400000005
417,bars,1-N-328,420000,85.0,3.0,3.0,6.0,Other,Good Condition,2.0,0,1,0,0,1,1,0,0,44.583870697678144,40.21673211791397
418,bars,1-B-107,375000,122.0,3.0,8.0,16.0,Other,Needs Renovation/Repair,2.0,1,0,0,0,0,0,0,1,44.55827345658594,40.199176396159615
419,bars,1-3-1918,534000,178.0,4.0,4.0,5.0,Other,Good Condition,2.0,0,0,0,1,1,1,0,0,44.514048989347714,40.1861605885798
420,bars,1-2-187,146000,71.0,2.0,9.0,14.0,Panel,Good Condition,1.0,0,0,0,0,1,0,0,0,44.499472776670245,40.180107053322125
421,bars,1-3-2061,230000,110.0,4.0,2.0,4.0,Stone,Good Condition,2.0,0,1,0,1,0,1,0,0,44.519048808509375,40.177015330930764
422,bars,6-Z4-250,230000,123.0,4.0,3.0,5.0,Stone,Good Condition,1.0,0,1,0,1,1,0,0,0,44.462313741425774,40.138949454975524
423,bars,1-3-1988,108000,88.0,3.0,6.0,16.0,Panel,Needs Renovation/Repair,1.0,0,0,0,0,0,0,0,0,44.5273774,40.17699785
424,bars,4-3-1926,420000,143.0,5.0,3.0,5.0,Other,Good Condition,2.0,0,0,0,0,0,1,0,0,44.52141545745753,40.160291821818525
425,bars,1-3-1238,450000,169.0,4.0,4.0,4.0,Other,Good Condition,1.0,0,1,0,1,0,1,0,0,44.52381655212627,40.19066524195801
426,bars,1-2-683,300000,64.19,2.0,3.0,14.0,Other,Good Condition,1.0,0,0,1,0,1,1,0,0,44.55827345658594,40.199176396159615
427,bars,6-Z4-252,156000,119.0,4.0,9.0,11.0,Stone,Good Condition,2.0,0,0,0,0,0,0,0,0,44.52706263472466,40.205140244623664
428,bars,1-3-1913,1200000,374.35,5.0,3.0,12.0,Panel,Good Condition,2.0,0,0,0,1,1,0,0,1,44.583870697678144,40.21673211791397
429,bars,1-3-211,770000,337.0,5.0,5.0,5.0,Stone,Good Condition,3.0,0,1,0,1,0,1,0,1,44.512115310889925,40.18645225816211
430,bars,1-3-402,250000,98.0,3.0,4.0,5.0,Other,Good Condition,1.0,0,1,0,1,1,1,0,0,44.5273774,40.17699785
431,bars,1-3-891,285000,141.0,5.0,4.0,4.0,Other,Good Condition,2.0,0,0,0,1,1,1,0,0,44.5177327100727,40.17470384323828
432,bars,1-3-1099,350000,159.0,4.0,4.0,4.0,Other,Good Condition,2.0,0,1,0,1,1,1,0,0,44.51181945133735,40.183313571671
433,bars,1-1-401,245000,48.0,1.0,2.0,6.0,Other,Good Condition,1.0,0,1,0,1,0,1,0,1,44.5215976,40.18607885
434,bars,1-3-1208,240000,95.0,3.0,9.0,12.0,Panel,Good Condition,2.0,0,0,0,0,1,1,0,1,44.514048989347714,40.1861605885798
435,bars,1-3-1987,330000,200.0,3.0,3.0,4.0,Other,Good Condition,2.0,0,1,0,1,0,1,0,1,44.51982215070216,40.1747638304342
436,bars,1-2-908,168000,80.0,2.0,4.0,9.0,Panel,Good Condition,1.0,0,0,0,1,1,1,0,1,44.499472776670245,40.180107053322125
437,bars,2-3-136,230000,156.0,8.0,1.0,3.0,Other,Good Condition,2.0,0,1,0,1,0,1,0,0,44.55827345658594,40.199176396159615
438,bars,1-3-1926,225000,149.0,6.0,3.0,3.0,Stone,Needs Renovation/Repair,1.0,0,0,0,0,0,0,0,0,44.5273774,40.17699785
439,bars,2-3-163,183000,78.0,3.0,6.0,10.0,Panel,Good Condition,1.0,0,1,0,0,1,1,0,1,44.5139565495713,40.16673885182096
441,bars,1-3-2029,230000,88.0,3.0,2.0,4.0,Other,Needs Renovation/Repair,1.0,0,0,0,0,0,0,0,0,44.5180200101794,40.18203709652422
442,bars,1-3-2030,210000,118.0,3.0,4.0,4.0,Other,Other,1.0,0,1,0,0,1,1,0,0,44.517821617617976,40.177431841441944
443,bars,6-M3-329,73000,64.1,3.0,5.0,5.0,Stone,Good Condition,1.0,0,0,0,0,0,1,0,0,44.57111460185527,40.2061998983339
444,bars,2-3-142,125000,93.0,3.0,14.0,14.0,Panel,Good Condition,1.0,0,0,0,0,0,1,0,1,44.52312842890911,40.17154658378799
445,bars,4-3-1258,205000,102.0,3.0,8.0,18.0,Other,Good Condition,2.0,0,1,1,1,1,1,0,1,44.55827345658594,40.199176396159615
446,bars,2-3-103,270000,175.0,4.0,4.0,5.0,Stone,Good Condition,2.0,0,0,0,0,1,1,0,0,44.519038948459674,40.17136765837956
447,bars,1-1-29,100000,48.0,1.0,4.0,4.0,Other,Needs Renovation/Repair,1.0,0,0,0,0,0,0,0,0,44.50603348930943,40.19194689069822
448,bars,2-3-154,276000,110.0,3.0,13.0,21.0,Other,Good Condition,2.0,0,1,0,0,1,1,0,1,44.482691873318714,40.181589956787796
449,bars,1-N-297,650000,194.0,4.0,5.0,22.0,Other,Good Condition,3.0,0,1,0,0,1,1,0,1,44.583870697678144,40.21673211791397
450,bars,1-N-393,490000,230.0,6.0,5.0,5.0,Other,Good Condition,3.0,0,0,0,1,1,1,0,0,44.517821617617976,40.177431841441944
451,bars,6-D4-87,270000,207.0,4.0,15.0,15.0,Other,Needs Renovation/Repair,3.0,1,0,1,0,1,1,0,1,44.4701813882256,40.21611126911036
452,bars,1-N-55,550000,318.0,5.0,6.0,7.0,Other,Good Condition,4.0,0,1,1,1,1,1,0,1,44.5273774,40.17699785
453,bars,2-3-162,340000,130.0,3.0,3.0,10.0,Other,Good Condition,2.0,0,0,0,0,0,1,0,1,44.51811462379455,40.166993360178346
454,bars,4-3-161,300000,117.0,4.0,9.0,17.0,Panel,Good Condition,1.0,0,0,0,1,1,1,0,1,44.5308931,40.19180365
455,bars,1-3-1251,470000,350.0,9.0,3.0,3.0,Other,Good Condition,3.0,0,1,0,0,1,0,0,0,44.51181945133735,40.183313571671
456,bars,6-Z3-255,70000,115.0,4.0,3.0,5.0,Stone,Needs Renovation/Repair,1.0,0,0,0,0,0,0,0,0,44.546223,40.208643
457,bars,4-3-1206,185000,85.0,3.0,2.0,8.0,Other,Good Condition,1.0,0,1,0,0,0,1,0,1,44.55827345658594,40.199176396159615
458,bars,6-Ach-93,78000,68.0,2.0,5.0,9.0,Panel,Needs Renovation/Repair,1.0,0,1,0,0,0,0,0,1,44.471820976476515,40.19329216792591
459,bars,1-N-391,350000,92.0,2.0,4.0,7.0,Other,Good Condition,1.0,0,0,0,1,0,1,0,1,44.5180200101794,40.18203709652422
460,bars,6-Z4-254,120000,89.0,4.0,5.0,9.0,Panel,Other,1.0,0,1,0,0,0,1,0,1,44.52706263472466,40.205140244623664
461,bars,2-1-47,143000,45.0,1.0,3.0,3.0,Other,Good Condition,1.0,0,1,0,1,0,1,0,0,44.50409202665325,40.17429211194108
462,bars,1-A-12,600000,373.4,6.0,5.0,5.0,Other,Needs Renovation/Repair,4.0,1,0,1,0,0,0,0,1,44.51228432718437,40.19590302536037
463,bars,1-N-368,260000,131.0,4.0,9.0,13.0,Other,Needs Renovation/Repair,2.0,1,0,1,0,1,0,0,1,44.499472776670245,40.180107053322125
464,bars,1-1-434,180000,40.0,1.0,5.0,7.0,Other,Good Condition,1.0,0,0,0,0,0,1,0,1,44.52381655212627,40.19066524195801
465,bars,4-3-1311,215000,130.0,3.0,4.0,5.0,Stone,Good Condition,1.0,0,0,0,0,1,1,0,0,44.520265311668524,40.1995721688172
466,bars,6-M3-45,140000,120.0,3.0,1.0,5.0,Stone,Other,1.0,0,1,0,0,1,1,0,0,44.500408826686,40.1866419463365
467,bars,1-3-292,350000,165.0,4.0,5.0,5.0,Stone,Good Condition,2.0,0,0,0,1,1,1,0,0,44.505052000470215,40.183781674798254
468,bars,1-2-951,325000,61.0,2.0,8.0,9.0,Other,Good Condition,1.0,0,0,0,0,1,1,0,1,44.56738029701317,40.19364593777515
469,bars,2-3-159,120000,90.0,3.0,3.0,10.0,Panel,Needs Renovation/Repair,1.0,0,1,0,1,1,1,0,1,44.5139565495713,40.16673885182096
470,bars,1-N-389,265000,131.0,4.0,9.0,13.0,Other,Needs Renovation/Repair,2.0,1,0,0,0,1,0,0,1,44.499472776670245,40.180107053322125
471,bars,1-3-2025,850000,203.0,4.0,2.0,16.0,Other,Good Condition,2.0,0,1,0,1,1,1,0,1,44.55827345658594,40.199176396159615
472,bars,1-A-73,275000,125.0,4.0,4.0,6.0,Other,Needs Renovation/Repair,2.0,1,0,0,0,0,0,0,0,44.51228432718437,40.19590302536037
473,bars,1-N-385,1100000,268.4,4.0,4.0,9.0,Other,Good Condition,3.0,0,0,0,0,0,1,0,1,44.5074118246583,40.184754985885355
474,bars,4-3-1303,210000,145.0,4.0,8.0,8.0,Other,Good Condition,2.0,0,0,0,0,1,1,0,1,44.55827345658594,40.199176396159615
475,bars,2-3-153,200000,150.0,3.0,3.0,4.0,Stone,Needs Renovation/Repair,1.0,0,0,0,0,0,1,0,0,44.51344849450384,40.1767382062846
476,bars,1-A-97,340000,100.0,4.0,4.0,6.0,Other,Good Condition,2.0,0,1,0,1,1,1,0,1,44.51228432718437,40.19590302536037
477,bars,4-3-1242,120000,123.0,4.0,10.0,9.0,Panel,Needs Renovation/Repair,1.0,0,0,0,0,0,0,0,1,44.49978402004816,40.19794363418706
478,bars,6-D4-97,245000,168.0,4.0,2.0,16.0,Other,Good Condition,3.0,0,1,0,1,1,1,0,1,44.4567380668362,40.166016462777485
479,bars,6-D3-190,129000,100.0,3.0,2.0,11.0,Other,Good Condition,1.0,0,0,0,0,0,0,0,0,44.4567380668362,40.166016462777485
480,bars,6-D3-65,129000,68.0,2.0,2.0,12.0,Other,Good Condition,1.0,0,1,0,1,1,1,0,1,44.4567380668362,40.166016462777485
481,bars,6-D2-67,117000,70.0,2.0,11.0,16.0,Other,Good Condition,1.0,0,0,0,0,1,0,0,1,44.4567380668362,40.166016462777485
482,bars,6-D2-66,117000,70.0,2.0,7.0,11.0,Other,Good Condition,1.0,0,1,0,1,1,1,0,1,44.4567380668362,40.166016462777485
483,bars,1-1-310,100000,39.3,1.0,5.0,5.0,Other,Needs Renovation/Repair,1.0,0,0,0,1,1,0,0,0,44.51642634119875,40.18161375666288
484,bars,4-3-1297,180000,99.0,3.0,4.0,16.0,Panel,Needs Renovation/Repair,1.0,0,0,0,0,1,0,0,1,44.50603348930943,40.19194689069822
485,bars,4-2-137,225000,93.0,2.0,14.0,16.0,Other,Good Condition,2.0,0,1,0,1,1,1,0,1,44.52473536231635,40.20625843913501
486,bars,1-3-2008,200000,96.6,3.0,3.0,4.0,Stone,Needs Renovation/Repair,1.0,0,0,0,0,1,0,0,0,44.5273774,40.17699785
487,bars,6-AV-2-59,105000,75.0,2.0,4.0,13.0,Monolit,Good Condition,1.0,0,1,0,0,1,1,0,1,44.5388218,40.222082400000005
488,bars,4-3-1282,120000,89.0,3.0,1.0,9.0,Panel,Good Condition,1.0,0,0,0,0,0,0,0,0,44.4972968,40.20489739999999
489,bars,4-3-1260,230000,94.0,3.0,1.0,9.0,Other,Good Condition,2.0,0,1,0,1,0,1,0,1,44.4625288,40.172490550000006
490,bars,1-3-2016,180000,87.0,3.0,1.0,11.0,Panel,Good Condition,1.0,0,1,0,1,0,1,0,1,44.51166722152143,40.182206184659805
491,bars,1-3-1905,375000,224.0,6.0,4.0,4.0,Other,Good Condition,2.0,0,0,0,0,0,0,0,0,44.5273774,40.17699785
492,bars,1-N-9,550000,264.0,4.0,9.0,9.0,Other,Good Condition,3.0,0,1,1,1,1,1,0,1,44.47600058697071,40.19922135739394
493,bars,1-N-371,350000,120.0,3.0,9.0,11.0,Other,Good Condition,2.0,0,1,0,0,0,1,0,1,44.51181945133735,40.183313571671
494,bars,1-3-2007,470000,158.8,4.0,9.0,9.0,Other,Good Condition,2.0,0,0,0,0,0,0,0,0,44.583870697678144,40.21673211791397
495,bars,6-Ach3-111,204000,164.0,3.0,3.0,8.0,Other,Good Condition,1.0,0,1,0,0,1,1,0,0,44.476933542701154,40.20438901998362
497,bars,6-Mal4-41,120000,173.0,4.0,2.0,9.0,Panel,Good Condition,1.0,0,0,0,1,1,1,0,1,44.44610884211748,40.174334819908324
498,bars,65363,140000,100.0,4.0,2.0,4.0,Stone,Needs Renovation/Repair,2.0,0,0,0,0,1,0,0,0,44.493826561382456,40.140887872078665
499,bars,1-3-2002,140000,100.0,4.0,4.0,5.0,Stone,Needs Renovation/Repair,1.0,0,0,0,0,1,0,0,0,44.514048989347714,40.1861605885798
500,bars,1-A-60,480000,300.0,3.0,1.0,4.0,Other,Needs Renovation/Repair,2.0,1,0,0,0,1,0,0,1,44.51228432718437,40.19590302536037
501,bars,1-A-38,240000,147.0,4.0,8.0,8.0,Other,Needs Renovation/Repair,3.0,1,0,0,0,0,0,0,1,44.51228432718437,40.19590302536037
502,bars,1-3-1857,306000,146.0,4.0,4.0,4.0,Other,Good Condition,2.0,0,0,0,0,0,1,0,0,44.499472776670245,40.180107053322125
503,bars,1-3-1578,165000,97.0,4.0,5.0,5.0,Other,Good Condition,2.0,0,0,0,0,0,1,0,0,44.5273774,40.17699785
504,bars,1-3-1101,330000,115.0,4.0,4.0,5.0,Other,Good Condition,2.0,0,0,0,1,1,1,0,0,44.51295609897683,40.18654267248054
505,bars,1-2-51,270000,77.7,2.0,4.0,5.0,Other,Good Condition,1.0,0,0,0,0,0,0,0,0,44.50449735,40.1832187
506,bars,1-3-661,200000,195.0,5.0,5.0,5.0,Stone,Good Condition,3.0,0,0,0,1,1,1,0,0,44.514048989347714,40.1861605885798
507,bars,1-3-381,300000,256.0,6.0,4.0,4.0,Other,Good Condition,3.0,0,1,0,1,0,1,0,0,44.517821617617976,40.177431841441944
508,bars,1-3-222,250000,191.36,4.0,4.0,5.0,Other,Good Condition,2.0,0,0,0,0,0,1,0,0,44.45609932611657,40.15477242139723
509,bars,6-Mal4-39,82000,105.0,4.0,10.0,14.0,Stone,Good Condition,1.0,0,0,0,0,1,1,0,1,44.544216517730874,40.087113116119795
510,bars,1-N-312,500000,245.0,5.0,8.0,10.0,Other,Good Condition,3.0,0,0,0,0,0,0,0,0,44.52381655212627,40.19066524195801
512,bars,1-N-355,600000,242.0,5.0,6.0,6.0,Other,Good Condition,3.0,0,0,1,1,1,1,0,1,44.50948029563954,40.17885352616499
513,bars,1-3-1947,275000,190.0,4.0,4.0,4.0,Other,Good Condition,2.0,0,0,0,0,1,0,0,0,44.514048989347714,40.1861605885798
514,bars,6-Av3-148,70000,100.0,4.0,7.0,9.0,Panel,Needs Renovation/Repair,1.0,0,0,0,0,1,0,0,1,44.5180200101794,40.18203709652422
515,bars,1-2-913,150000,71.5,1.0,3.0,12.0,Panel,Good Condition,1.0,0,1,0,0,0,1,0,1,44.583870697678144,40.21673211791397
516,bars,1-3-1974,500000,250.0,5.0,5.0,5.0,Stone,Needs Renovation/Repair,2.0,0,0,0,1,1,1,0,1,44.51166722152143,40.182206184659805
517,bars,1-3-1973,440000,400.0,5.0,4.0,4.0,Other,Good Condition,2.0,0,0,0,1,1,1,0,0,44.51181945133735,40.183313571671
518,bars,6-D3-185,250000,105.0,3.0,8.0,15.0,Other,Good Condition,2.0,0,0,0,1,1,1,0,1,44.4567380668362,40.166016462777485
519,bars,1-3-1951,338000,187.5,6.0,4.0,4.0,Other,Needs Renovation/Repair,2.0,0,0,0,0,1,1,0,0,44.5776738850503,40.217118108862934
520,bars,4-3-1190,150000,110.0,3.0,7.0,9.0,Panel,Needs Renovation/Repair,2.0,0,0,0,0,1,0,0,1,44.50472122504243,40.19100870974382
521,bars,2-3-146,170000,94.0,3.0,8.0,11.0,Panel,Good Condition,1.0,0,0,0,1,0,1,0,1,44.51023319136248,40.171870020098616
522,bars,1-3-1723,160000,141.0,5.0,3.0,3.0,Other,Needs Renovation/Repair,1.0,0,0,0,0,1,0,0,0,44.45609932611657,40.15477242139723
523,bars,6-Ts-60,600000,303.0,3.0,16.0,16.0,Other,Good Condition,3.0,0,0,1,1,1,1,0,1,44.482691873318714,40.181589956787796
524,bars,1-S-57,900000,258.0,6.0,8.0,11.0,Other,Good Condition,4.0,0,0,0,1,1,1,0,1,44.434781436092,40.141653987919995
525,bars,1-A-70,440000,373.4,6.0,4.0,4.0,Other,Needs Renovation/Repair,3.0,1,0,0,0,1,0,0,1,44.51228432718437,40.19590302536037
526,bars,6-Mal-36,80000,105.0,4.0,4.0,5.0,Stone,Good Condition,1.0,0,0,0,0,1,1,0,0,44.48023076128606,40.14596510603376
527,bars,1-3-1940,240000,75.0,3.0,2.0,5.0,Other,Good Condition,1.0,0,1,0,1,0,1,0,0,44.52381655212627,40.19066524195801
528,bars,1-2-911,470000,84.0,3.0,11.0,12.0,Other,Good Condition,1.0,0,1,1,1,1,1,0,1,44.50449735,40.1832187
529,bars,1-3-1930,400000,267.0,6.0,6.0,6.0,Other,Good Condition,2.0,0,1,0,1,1,1,0,1,44.51863665459219,40.17606564344017
530,bars,1-3-1860,350000,162.0,4.0,2.0,3.0,Other,Good Condition,1.0,0,0,0,1,1,1,0,0,44.51406057333508,40.190047324583134
532,bars,4-3-625,300000,280.0,4.0,1.0,2.0,Stone,Good Condition,4.0,0,1,0,0,1,1,0,0,44.50164222859443,40.19625902492543
533,bars,1-2-545,250000,75.0,2.0,5.0,5.0,Other,Needs Renovation/Repair,1.0,0,0,0,1,0,0,0,0,44.5776738850503,40.217118108862934
534,bars,1-3-1645,300000,200.0,6.0,3.0,9.0,Panel,Good Condition,2.0,0,0,0,0,0,0,0,1,44.51181945133735,40.183313571671
535,bars,1-T-4,1000000,200.1,5.0,7.0,12.0,Other,Good Condition,3.0,0,0,1,0,1,0,0,1,44.52381655212627,40.19066524195801
536,bars,6-4GH-27,215000,141.1,4.0,13.0,14.0,Other,Good Condition,3.0,0,0,0,1,1,1,0,1,44.50409202665325,40.17429211194108
537,bars,1-3-1495,380000,280.0,5.0,4.0,4.0,Other,Good Condition,2.0,0,0,0,1,1,1,0,0,44.514048989347714,40.1861605885798
540,bars,1-3-46,195000,170.0,3.0,4.0,5.0,Other,Other,1.0,0,0,0,0,0,0,0,0,44.512115310889925,40.18645225816211
541,bars,1-N-301,1200000,250.0,5.0,4.0,6.0,Other,Good Condition,3.0,0,0,0,0,1,1,0,1,44.5247969,40.17890785
542,bars,1-3-1866,330000,132.0,3.0,2.0,6.0,Other,Needs Renovation/Repair,2.0,0,0,0,1,1,1,0,1,44.51406057333508,40.190047324583134
543,bars,1-2-605,180000,65.0,2.0,2.0,5.0,Other,Needs Renovation/Repair,1.0,0,0,0,0,0,1,0,0,44.514048989347714,40.1861605885798
544,bars,1-N-140a,390000,177.4,4.0,3.0,9.0,Other,Needs Renovation/Repair,2.0,1,0,1,0,0,0,0,1,44.51642634119875,40.18161375666288
545,bars,6-NM-14,450000,326.0,5.0,3.0,3.0,Stone,Good Condition,4.0,0,1,0,0,0,1,0,0,44.524036402852424,40.17448162580629
546,bars,6-D4-57,250000,213.0,4.0,3.0,18.0,Other,Needs Renovation/Repair,4.0,1,0,0,0,0,0,0,0,44.4701813882256,40.21611126911036
547,bars,1-N-42,430000,360.0,6.0,9.0,9.0,Other,Needs Renovation/Repair,3.0,1,0,1,0,0,0,0,1,44.47600058697071,40.19922135739394
548,bars,6-Z3-154,100000,77.0,3.0,3.0,9.0,Other,Good Condition,1.0,0,0,0,0,0,0,0,0,44.526958540545984,40.20305179986824
549,bars,6-Av3-89,110000,94.0,3.0,9.0,13.0,Panel,Good Condition,2.0,0,1,0,0,1,1,0,0,44.5388218,40.222082400000005
550,bars,6-Av3-126,95000,96.0,4.0,8.0,16.0,Panel,Good Condition,1.0,0,1,0,0,0,1,0,1,44.58038994172306,40.218477684417415
551,bars,1-А-114,300000,121.0,4.0,4.0,4.0,Other,Needs Renovation/Repair,2.0,1,0,1,0,1,0,0,1,44.51228432718437,40.19590302536037
552,bars,1-2-992,180000,35.2,2.0,4.0,4.0,Other,Good Condition,1.0,0,0,0,0,0,1,0,0,44.517821617617976,40.177431841441944
