source,id,price,area,rooms,floor,storeys,bathroom_count,new_building,F_Furniture,F_Security,F_Air Conditioner,F_Balcony,F_Heating System,F_Internet,F_Elevator,latitude,longitude,building_type_Monolit,building_type_Other,building_type_Panel,building_type_Stone,condition_Good Condition,condition_Needs Renovation/Repair,condition_New/Excellent Condition,condition_Other,coordinates,opera,malibu,aua,zvartnoc,dalma,yerevan_mall,shumyan_cemetery,nork_cemetery,central_cemetery,davtashen_cemetery,zeytun_cemetery,yerablur,avan_cemetery,baghramyan_subway,shengavit_subway,barekamutyun_subway,yeritasardakan_subway,zoravar_subway,sasunci_subway,gorcarain_subway,gergin_subway,charbakh_subway,avan,massiv,L_payment_terminal,L_pharmacy,L_atm,L_car_wash,L_waste_disposal,L_parking,L_bank,L_clinic,L_fuel,L_school,L_place_of_worship,L_music_school,L_university,L_kindergarten,L_bus_station,L_hospital,L_prison,L_stripclub
bars,4-3-1433,225000.0,125.0,3.0,6.0,16.0,2.0,0,1,1,1,0,1,0,1,44.52473536231635,40.20625843913501,0,1,0,0,1,0,0,0,"(40.20625843913501, 44.52473536231635)",2396,2945,2308,12140,4314,6018,5888,2396,6283,4464,1948,7974,4038,2813,7578,2727,2266,4039,5934,7579,7177,8608,5107,7179,0,1,5,1,1,8,4,0,2,0,2,1,0,3,0,0,0,0
bnakaran,d115995,140000.00000000006,45.0,2.0,7.0,10.0,1.0,0,0,0,1,0,0,0,0,44.512879,40.17787,0,1,0,0,0,1,0,0,"(40.17787, 44.512879)",923,711,1769,9963,2079,2711,5310,3325,3734,5884,4774,5437,6162,2696,4324,2606,1102,741,2632,4266,4000,5463,7469,4023,7,1,16,0,4,14,11,1,0,1,0,0,0,0,1,0,0,0
bars,2-2-252,110000.0,49.0,2.0,1.0,5.0,1.0,0,1,0,0,1,1,0,0,44.51903894845968,40.17136765837956,0,0,0,1,1,0,0,0,"(40.17136765837956, 44.51903894845968)",1661,1603,2649,10293,2736,2374,6106,3353,2842,6774,5117,5716,6218,3588,4075,3499,1652,583,2120,3787,3880,5331,7549,3277,4,9,7,6,4,3,2,0,3,6,1,0,2,0,0,0,0,0
bnakaran,d117427,176000.0,80.0,3.0,4.0,6.0,1.0,1,0,1,1,0,0,0,0,44.514409152114,40.181298091923,1,0,0,0,1,0,0,0,"(40.181298091923, 44.514409152114)",526,579,1498,10202,2218,3112,5282,3033,3978,5633,4391,5708,5840,2492,4717,2394,717,1136,3031,4668,4378,5839,7137,4391,19,6,23,3,5,9,12,3,0,3,0,1,1,2,0,2,0,0
bnakaran,d115038,540000.0,180.0,4.0,8.0,16.0,2.0,1,0,0,0,0,0,0,0,44.507266370361,40.181576150645,1,0,0,0,1,0,0,0,"(40.181576150645, 44.507266370361)",826,176,1230,9638,1621,2966,4707,3582,4351,5288,4766,5180,6342,2084,4464,1999,1189,1224,2999,4562,4059,5499,7621,4505,10,8,18,3,3,7,10,2,0,3,0,1,1,3,0,3,0,0
myrealty,124592,130000.0,73.0,3.0,1.0,12.0,1.0,0,0,0,0,0,0,0,0,44.51002309500625,40.20586486520793,0,0,1,0,0,0,1,0,"(40.20586486520793, 44.51002309500625)",2250,2541,1566,11047,3494,5669,4649,3443,6596,3397,3158,7042,5286,1680,7081,1614,2340,3856,5705,7269,6602,7973,6328,7144,2,4,4,7,6,5,5,0,5,1,0,0,0,2,0,2,0,0
myrealty,126345,150000.0,79.0,3.0,1.0,5.0,1.0,0,0,0,0,0,0,0,0,44.52473536231635,40.20625843913501,0,0,0,1,1,0,0,0,"(40.20625843913501, 44.52473536231635)",2396,2945,2308,12140,4314,6018,5888,2396,6283,4464,1948,7974,4038,2813,7578,2727,2266,4039,5934,7579,7177,8608,5107,7179,0,1,5,1,1,8,4,0,2,0,2,1,0,3,0,0,0,0
myrealty,141674,183000.0,76.0,2.0,2.0,14.0,1.0,0,0,0,0,0,0,0,0,44.50164222859443,40.19625902492543,1,0,0,0,0,1,0,0,"(40.19625902492543, 44.50164222859443)",1614,1563,488,9886,2212,4544,3862,3853,5964,3648,4190,5779,6169,676,5864,566,1910,2924,4655,6141,5360,6708,7317,6202,4,3,2,4,5,1,1,1,2,0,0,0,0,0,0,0,0,0
bars,1-1-441,150000.00000000003,42.0,1.0,5.0,8.0,1.0,0,0,0,0,1,0,0,1,44.5215976,40.18607885,0,1,0,0,0,1,0,0,"(40.18607885, 44.5215976)",552,1203,1617,10953,2920,3853,5710,2267,4189,5596,3600,6491,5039,2668,5493,2559,146,1836,3708,5370,5176,6638,6331,4921,10,7,25,2,3,3,9,0,0,3,2,0,4,1,0,4,0,0
bnakaran,d116336,45500.0,65.0,2.0,2.0,15.0,1.0,1,0,0,0,0,0,0,0,44.503806,40.153376,1,0,0,0,1,0,0,0,"(40.153376, 44.503806)",3752,3319,4342,8780,3143,360,6406,5706,2996,8085,7491,4320,8554,4951,1792,4901,3898,2107,315,1436,1831,3139,9887,1756,1,0,4,2,2,7,1,1,2,2,0,0,0,0,1,0,0,0
myrealty,140980,249000.0,77.0,3.0,10.0,12.0,1.0,1,0,0,0,0,0,0,0,44.47182097647652,40.19329216792591,1,0,0,0,0,0,1,0,"(40.19329216792591, 44.47182097647652)",3763,3276,2773,7582,2118,4866,1427,6368,7403,3350,6666,4068,8711,1916,5509,2012,4157,4215,5245,6238,4868,5845,9826,6932,17,9,6,1,18,7,1,0,3,1,1,0,0,1,0,0,0,0
bars,4-3-1260,230000.0,94.0,3.0,1.0,9.0,2.0,0,1,0,1,0,1,0,1,44.4625288,40.172490550000006,0,1,0,0,1,0,0,0,"(40.172490550000006, 44.4625288)",4711,4037,4195,5729,2322,3743,2895,7506,6923,5767,8381,1635,10192,3823,3650,3874,5106,4220,4282,4651,3001,3600,11425,5813,0,4,1,0,0,6,0,0,0,1,0,0,0,0,0,3,0,0
bnakaran,d117531,390000.0,156.0,3.0,13.0,16.0,1.0,1,0,0,1,0,0,0,0,44.512879,40.17787,1,0,0,0,1,0,0,0,"(40.17787, 44.512879)",923,711,1769,9963,2079,2711,5310,3325,3734,5884,4774,5437,6162,2696,4324,2606,1102,741,2632,4266,4000,5463,7469,4023,7,1,16,0,4,14,11,1,0,1,0,0,0,0,1,0,0,0
myrealty,141644,155000.0,64.0,2.0,7.0,10.0,1.0,0,0,0,0,0,0,0,0,44.51863665459219,40.17606564344017,0,0,1,0,1,0,0,0,"(40.17606564344017, 44.51863665459219)",1145,1192,2182,10380,2585,2767,5839,3030,3295,6316,4674,5826,5896,3162,4445,3067,1133,769,2578,4245,4191,5654,7219,3799,2,5,9,1,4,7,2,1,0,2,0,1,1,0,1,0,0,0
myrealty,130988,305000.0,84.0,3.0,4.0,4.0,1.0,1,1,1,1,0,1,1,1,44.50523170804844,40.19493042144863,1,0,0,0,0,0,1,0,"(40.19493042144863, 44.50523170804844)",1298,1340,285,10082,2264,4413,4176,3537,5680,3947,3987,5899,5915,1005,5800,894,1577,2701,4487,6014,5321,6700,7086,5995,1,0,1,2,4,3,0,0,0,0,0,0,1,0,0,0,0,0
myrealty,141931,235000.0,76.0,3.0,7.0,14.0,1.0,1,1,0,1,0,1,1,1,44.499155086504345,40.19562050194883,1,0,0,0,0,0,1,0,"(40.19562050194883, 44.499155086504345)",1725,1585,573,9667,2049,4473,3656,4058,6020,3592,4411,5580,6392,490,5750,379,2048,2929,4611,6065,5231,6562,7540,6184,2,7,3,6,5,1,2,2,2,1,0,0,0,2,0,0,0,0
bars,4-3-1355,198000.0,90.0,3.0,3.0,8.0,2.0,0,0,0,0,1,1,0,1,44.55827345658594,40.199176396159615,0,1,0,0,1,0,0,0,"(40.199176396159615, 44.55827345658594)",3949,4631,4631,14382,6336,6913,8667,1205,5625,7395,1797,9928,1673,5481,8617,5377,3565,5000,6589,8209,8416,9874,3006,7229,0,3,1,0,0,1,0,0,0,1,0,0,0,2,0,0,0,0
myrealty,123214,325000.00000000006,140.0,4.0,7.0,10.0,2.0,0,0,0,0,0,0,0,0,44.519048808509375,40.177015330930764,0,0,1,0,0,0,1,0,"(40.177015330930764, 44.519048808509375)",1054,1155,2115,10441,2609,2874,5827,2939,3367,6249,4565,5893,5802,3108,4549,3011,1025,869,2689,4356,4289,5753,7123,3905,3,7,10,2,5,10,5,1,0,2,0,1,0,0,1,0,0,0
myrealty,126118,159000.0,43.0,2.0,5.0,9.0,1.0,1,1,1,1,0,1,1,1,44.48439985,40.14520375,1,0,0,0,0,0,1,0,"(40.14520375, 44.48439985)",5232,4662,5521,7174,3784,1776,6348,7491,4673,8690,9136,3060,10357,5840,127,5823,5466,3733,2198,1297,585,1260,11687,2879,3,8,6,2,6,3,0,0,0,5,0,0,0,2,0,0,0,0
bnakaran,d84619,180000.0,120.0,3.0,9.0,13.0,2.0,1,0,0,0,0,0,0,0,44.513168548438,40.185348114221,1,0,0,0,0,0,1,0,"(40.185348114221, 44.513168548438)",178,508,1080,10254,2211,3499,5039,2974,4420,5204,4117,5822,5699,2112,5059,2008,578,1573,3456,5075,4682,6130,6972,4848,17,9,21,1,4,6,5,3,0,4,1,0,1,2,0,3,0,0
bnakaran,d115430,40000.0,40.0,2.0,2.0,5.0,1.0,0,0,0,0,0,0,0,0,44.515800476074,40.189498901367,0,0,0,1,1,0,0,0,"(40.189498901367, 44.515800476074)",393,976,1016,10634,2594,4008,5148,2657,4729,4984,3630,6251,5290,2058,5572,1948,503,2055,3949,5578,5190,6636,6542,5296,10,5,14,0,2,1,5,1,0,2,0,0,2,3,0,0,0,0
myrealty,138864,430000.0,207.0,4.0,15.0,15.0,1.0,1,1,1,1,0,1,0,1,44.539173935967966,40.16188844717563,1,0,0,0,0,0,1,0,"(40.16188844717563, 44.539173935967966)",3372,3544,4497,11833,4714,3365,8114,3498,1233,8618,5653,7277,6028,5506,4909,5408,3162,2518,2839,4148,4974,6271,7327,2859,0,0,0,0,0,0,0,0,1,0,0,0,0,0,0,0,0,0
bnakaran,d98036,112500.0,60.0,3.0,9.0,9.0,1.0,0,0,0,0,0,0,0,0,44.512307862259,40.183182389851,0,0,1,0,1,0,0,0,"(40.183182389851, 44.512307862259)",392,367,1225,10101,2076,3248,5043,3118,4251,5360,4344,5642,5882,2218,4812,2119,726,1330,3207,4823,4441,5893,7165,4615,8,9,19,5,6,6,9,5,0,4,0,1,1,4,0,5,0,0
bnakaran,d117520,450000.0,75.0,2.0,14.0,16.0,1.0,1,0,0,0,0,0,0,0,44.508291034393,40.184965006334,1,0,0,0,1,0,0,0,"(40.184965006334, 44.508291034393)",588,213,891,9852,1806,3353,4656,3384,4603,5008,4439,5443,6085,1839,4844,1744,994,1563,3377,4948,4428,5861,7348,4859,5,6,10,4,5,8,3,6,1,3,2,0,2,2,0,5,0,0
bars,6-M3-329,73000.0,64.1,3.0,5.0,5.0,1.0,0,0,0,0,0,1,0,0,44.57111460185527,40.2061998983339,0,0,0,1,1,0,0,0,"(40.2061998983339, 44.57111460185527)",5261,5947,5864,15685,7640,8240,9798,2546,6740,8207,2226,11254,423,6643,9945,6543,4885,6340,7901,9504,9754,11210,1709,8454,0,2,0,0,5,1,0,0,1,2,0,0,0,1,0,0,0,0
myrealty,132483,127000.0,72.0,2.0,6.0,9.0,1.0,0,0,0,0,1,1,0,0,44.52473536231635,40.20625843913501,0,1,0,0,0,0,1,0,"(40.20625843913501, 44.52473536231635)",2396,2945,2308,12140,4314,6018,5888,2396,6283,4464,1948,7974,4038,2813,7578,2727,2266,4039,5934,7579,7177,8608,5107,7179,0,1,5,1,1,8,4,0,2,0,2,1,0,3,0,0,0,0
myrealty,124633,255000.0,87.0,3.0,3.0,5.0,2.0,0,1,0,1,0,1,1,0,44.5197902,40.1991886,0,0,0,1,0,0,1,0,"(40.1991886, 44.5197902)",1519,2054,1503,11397,3474,5137,5399,2400,5620,4503,2684,7150,4596,2219,6688,2117,1442,3176,5072,6707,6286,7719,5762,6372,0,2,3,2,2,10,0,0,1,4,0,0,0,2,0,0,0,0
bnakaran,d117673,147500.0,51.0,2.0,3.0,7.0,1.0,1,0,0,1,0,0,0,0,44.529147,40.180977,1,0,0,0,1,0,0,0,"(40.180977, 44.529147)",1318,1812,2453,11387,3462,3743,6479,1994,3456,6448,3787,6850,4863,3506,5441,3398,978,1804,3477,5137,5221,6680,6190,4447,0,0,2,0,1,3,2,1,0,2,0,0,9,1,0,0,0,0
myrealty,129765,215000.0,85.0,3.0,5.0,6.0,2.0,1,0,1,0,0,0,0,1,44.50603348930943,40.19194689069822,1,0,0,0,1,0,0,0,"(40.19194689069822, 44.50603348930943)",1014,1002,144,9991,2066,4090,4284,3463,5360,4255,4102,5735,5953,1195,5503,1086,1338,2362,4153,5691,5040,6434,7155,5657,1,3,8,0,4,1,0,0,0,1,0,0,1,0,0,0,0,0
bnakaran,d117559,160000.0,83.0,3.0,4.0,7.0,2.0,1,0,0,1,0,0,0,0,44.563993,40.210592,0,1,0,0,1,0,0,0,"(40.210592, 44.563993)",4972,5656,5444,15327,7308,8170,9256,2458,6981,7514,1524,10966,688,6144,9869,6050,4624,6208,7878,9516,9629,11093,1825,8579,0,0,0,2,2,1,0,0,0,1,0,0,0,2,0,0,0,0
bars,4-3-1344,700000.0,240.0,4.0,5.0,13.0,2.0,0,0,0,1,1,1,0,1,44.499437857296144,40.19210576699806,0,1,0,0,1,0,0,0,"(40.19210576699806, 44.499437857296144)",1492,1240,428,9500,1720,4082,3729,4022,5686,3942,4570,5323,6477,746,5372,655,1856,2561,4221,5675,4863,6209,7661,5801,2,3,2,3,4,2,2,1,1,3,0,0,0,0,0,0,0,0
bnakaran,d104119,108800.0,64.0,2.0,12.0,15.0,1.0,1,0,1,0,0,0,0,0,44.510597,40.180295,1,0,0,0,1,0,0,0,"(40.180295, 44.510597)",740,378,1446,9859,1885,2898,5023,3374,4066,5553,4682,5368,6173,2364,4460,2274,1027,1017,2871,4477,4095,5550,7466,4315,10,5,14,7,3,9,11,3,0,3,0,2,1,3,0,3,0,0
bnakaran,d117366,212000.0,88.0,3.0,10.0,12.0,1.0,0,0,0,0,0,1,0,0,44.509983136245,40.183281752199,0,0,1,0,1,0,0,0,"(40.183281752199, 44.509983136245)",528,171,1120,9920,1886,3203,4853,3301,4368,5243,4470,5474,6047,2074,4733,1979,902,1354,3197,4791,4342,5786,7324,4651,6,10,20,6,4,6,10,6,0,5,0,2,1,5,0,5,0,0
myrealty,140918,190000.0,94.0,3.0,2.0,14.0,1.0,1,0,0,0,0,1,0,0,44.5388218,40.222082400000005,1,0,0,0,0,0,1,0,"(40.222082400000005, 44.5388218)",4489,5067,4403,14080,6413,8098,7504,3324,7926,5246,1240,10044,3127,4718,9688,4652,4300,6091,7970,9632,9300,10735,3733,9089,0,0,1,0,1,1,0,0,0,2,0,0,0,0,0,0,0,0
myrealty,131576,215000.0,103.0,3.0,2.0,16.0,2.0,0,0,0,1,1,1,0,1,44.42128610507695,40.1879233237781,0,0,1,0,0,0,1,0,"(40.1879233237781, 44.42128610507695)",7971,7385,7082,4337,5790,7639,3175,10674,10812,6145,10953,4189,13036,6244,7277,6343,8377,7941,8182,8389,6684,6724,14123,9681,0,0,0,0,0,0,0,0,0,0,0,0,0,2,0,0,0,0
bars,1-3-2018,265000.0,90.0,3.0,4.0,4.0,2.0,0,0,0,0,0,1,0,0,44.50603348930943,40.19194689069822,0,1,0,0,1,0,0,0,"(40.19194689069822, 44.50603348930943)",1014,1002,144,9991,2066,4090,4284,3463,5360,4255,4102,5735,5953,1195,5503,1086,1338,2362,4153,5691,5040,6434,7155,5657,1,3,8,0,4,1,0,0,0,1,0,0,1,0,0,0,0,0
bnakaran,d73499,360000.0,120.0,4.0,5.0,11.0,1.0,1,0,0,0,0,0,0,0,44.50822847,40.18469734,1,0,0,0,1,0,0,0,"(40.18469734, 44.50822847)",600,183,917,9837,1791,3323,4660,3397,4582,5030,4463,5423,6104,1857,4814,1763,1004,1535,3347,4918,4400,5833,7368,4830,4,7,11,4,5,8,6,6,1,3,2,0,2,2,0,5,0,0
myrealty,126583,160000.00000000006,78.0,3.0,8.0,14.0,1.0,0,0,0,0,0,0,0,0,44.52003469603711,40.17296185385123,0,0,1,0,1,0,0,0,"(40.17296185385123, 44.52003469603711)",1509,1519,2537,10414,2768,2563,6097,3168,2939,6670,4921,5841,6035,3501,4261,3408,1473,695,2316,3984,4056,5510,7364,3458,3,5,10,5,2,7,0,0,3,5,1,1,2,0,0,0,0,0
bars,1-N-395,250000.00000000003,112.0,4.0,4.0,13.0,2.0,0,0,0,0,1,1,0,1,44.5273774,40.17699785,0,1,0,0,1,0,0,0,"(40.17699785, 44.5273774)",1446,1779,2595,11125,3314,3314,6482,2410,3073,6680,4253,6565,5274,3634,5017,3530,1206,1442,3025,4680,4823,6276,6605,3983,0,1,2,0,0,4,1,0,1,5,0,0,3,1,0,0,0,0
bnakaran,d117824,35100.0,54.0,2.0,3.0,5.0,1.0,0,0,0,0,0,0,0,0,44.524898529053,40.178100585938,0,0,0,1,1,0,0,0,"(40.178100585938, 44.524898529053)",1210,1538,2356,10953,3097,3266,6241,2476,3260,6451,4226,6402,5345,3393,4962,3290,997,1324,3016,4682,4738,6198,6672,4067,0,1,4,0,0,4,1,0,1,2,0,0,3,1,0,0,0,0
bnakaran,d117910,470000.0,100.0,3.0,3.0,5.0,2.0,0,0,0,1,0,0,0,0,44.512879,40.17787,0,0,0,1,1,0,0,0,"(40.17787, 44.512879)",923,711,1769,9963,2079,2711,5310,3325,3734,5884,4774,5437,6162,2696,4324,2606,1102,741,2632,4266,4000,5463,7469,4023,7,1,16,0,4,14,11,1,0,1,0,0,0,0,1,0,0,0
myrealty,137542,102000.0,74.0,2.0,10.0,10.0,1.0,0,0,0,0,0,0,0,0,44.52473536231635,40.20625843913501,0,0,1,0,1,0,0,0,"(40.20625843913501, 44.52473536231635)",2396,2945,2308,12140,4314,6018,5888,2396,6283,4464,1948,7974,4038,2813,7578,2727,2266,4039,5934,7579,7177,8608,5107,7179,0,1,5,1,1,8,4,0,2,0,2,1,0,3,0,0,0,0
bnakaran,d73884,520000.0,156.0,4.0,9.0,17.0,1.0,1,0,0,1,0,0,0,0,44.526699066162,40.176898956299,1,0,0,0,1,0,0,0,"(40.176898956299, 44.526699066162)",1413,1730,2559,11067,3257,3267,6432,2458,3081,6651,4286,6506,5323,3596,4969,3493,1186,1386,2983,4641,4771,6225,6653,3961,0,1,3,0,0,4,1,0,1,5,0,0,2,1,0,0,0,0
bnakaran,d102768,116250.0,118.0,3.0,3.0,3.0,1.0,0,0,0,1,0,0,0,0,44.521033985458,40.141758684558,1,0,0,0,1,0,0,0,"(40.141758684558, 44.521033985458)",4945,4724,5807,10311,4990,2313,8339,6083,1821,9792,8146,6059,8732,6589,3011,6521,4944,3361,1852,1902,3398,4273,10039,258,0,5,8,0,0,0,4,0,0,0,0,0,0,0,0,2,0,0
bars,1-3-2064,350000.0,110.0,4.0,1.0,3.0,2.0,0,0,0,1,0,1,0,0,44.5044544,40.19219245,0,0,0,1,1,0,0,0,"(40.19219245, 44.5044544)",1135,1058,26,9883,1991,4104,4147,3596,5454,4156,4200,5649,6070,1066,5489,958,1469,2422,4185,5705,5014,6397,7266,5709,1,3,6,1,5,1,0,0,0,2,0,0,1,0,0,0,0,0
bnakaran,d116123,320000.0,160.0,4.0,10.0,18.0,2.0,1,0,0,0,0,0,0,0,44.526718469619,40.176995859146,1,0,0,0,1,0,0,0,"(40.176995859146, 44.526718469619)",1406,1728,2553,11071,3258,3276,6430,2449,3091,6644,4275,6511,5314,3591,4978,3487,1177,1392,2993,4651,4779,6233,6645,3972,0,1,3,0,0,4,1,0,1,5,0,0,3,1,0,0,0,0
bnakaran,d107784,74250.0,45.0,2.0,2.0,16.0,1.0,1,0,1,1,0,0,0,0,44.509842,40.18046,1,0,0,0,0,0,1,0,"(40.18046, 44.509842)",760,329,1407,9804,1822,2897,4957,3425,4119,5504,4710,5318,6217,2311,4447,2222,1066,1046,2884,4481,4073,5525,7508,4343,9,7,17,6,2,7,8,3,0,3,0,2,1,4,0,3,0,0
bars,4-3-1383,215000.0,91.0,4.0,3.0,5.0,2.0,0,1,0,1,1,1,0,0,44.52473536231635,40.20625843913501,0,0,0,1,1,0,0,0,"(40.20625843913501, 44.52473536231635)",2396,2945,2308,12140,4314,6018,5888,2396,6283,4464,1948,7974,4038,2813,7578,2727,2266,4039,5934,7579,7177,8608,5107,7179,0,1,5,1,1,8,4,0,2,0,2,1,0,3,0,0,0,0
bars,4-3-161,300000.0,117.0,4.0,9.0,17.0,1.0,0,0,0,1,1,1,0,1,44.5308931,40.19180365,0,0,1,0,1,0,0,0,"(40.19180365, 44.5308931)",1489,2174,2246,11917,3871,4801,6379,1354,4609,5750,2638,7487,4035,3209,6467,3099,1122,2787,4601,6270,6173,7638,5320,5656,0,1,2,2,2,6,0,1,2,0,0,0,2,0,0,7,0,0
bars,4-3-1385,120000.0,78.3,3.0,1.0,9.0,1.0,0,0,0,0,0,1,0,1,44.52026531166853,40.1995721688172,0,0,1,0,0,1,0,0,"(40.1995721688172, 44.52026531166853)",1571,2111,1559,11452,3532,5190,5441,2375,5649,4511,2627,7209,4546,2264,6744,2163,1485,3226,5122,6758,6343,7777,5709,6415,0,3,4,2,3,8,0,0,1,3,0,0,0,3,0,0,0,0
bnakaran,d116945,336000.0,140.0,3.0,7.0,12.0,2.0,1,0,0,0,0,0,0,0,44.512879,40.17787,1,0,0,0,1,0,0,0,"(40.17787, 44.512879)",923,711,1769,9963,2079,2711,5310,3325,3734,5884,4774,5437,6162,2696,4324,2606,1102,741,2632,4266,4000,5463,7469,4023,7,1,16,0,4,14,11,1,0,1,0,0,0,0,1,0,0,0
myrealty,132743,108000.0,85.0,3.0,14.0,16.0,1.0,0,0,0,0,0,0,0,0,44.49857435,40.20958515,0,0,1,0,1,0,0,0,"(40.20958515, 44.49857435)",2974,3055,1971,10487,3496,6027,3816,4499,7379,2371,4056,6757,6239,1431,7271,1437,3167,4419,6156,7618,6730,8012,7207,7705,1,0,0,1,0,1,0,0,0,0,1,0,0,0,0,4,0,0
bnakaran,d106522,47250.0,42.0,1.0,3.0,18.0,1.0,1,0,1,0,0,0,0,0,44.509895150786,40.181157275127,1,0,0,0,0,0,1,0,"(40.181157275127, 44.509895150786)",696,266,1335,9833,1835,2973,4931,3391,4179,5440,4649,5357,6173,2252,4518,2161,1017,1121,2961,4558,4140,5590,7460,4419,10,7,18,5,3,6,8,3,0,3,0,2,1,4,0,3,0,0
myrealty,127952,310000.0,76.0,3.0,5.0,5.0,1.0,0,0,0,1,0,1,1,0,44.51548071604492,40.19013906690871,0,0,0,1,0,0,1,0,"(40.19013906690871, 44.51548071604492)",461,1012,970,10637,2602,4067,5109,2675,4805,4913,3600,6267,5284,2005,5623,1894,574,2122,4014,5640,5236,6679,6531,5368,9,4,12,0,1,1,5,1,0,2,0,0,1,3,0,0,0,0
bnakaran,d114569,100000.0,45.0,2.0,5.0,9.0,1.0,0,0,0,1,0,0,0,0,44.501473578047,40.197459365825,0,0,1,0,0,0,1,0,"(40.197459365825, 44.501473578047)",1720,1694,614,9940,2321,4677,3843,3883,6085,3531,4148,5864,6152,653,5991,550,2002,3055,4789,6274,5483,6825,7286,6335,6,6,5,4,5,0,2,1,1,1,0,0,0,0,0,0,0,0
bnakaran,d117798,75937.5,45.0,2.0,2.0,4.0,1.0,0,0,0,0,0,0,0,0,44.513444593917,40.165910377504,0,0,0,1,0,0,1,0,"(40.165910377504, 44.513444593917)",2238,1962,3046,9716,2580,1605,6034,4119,2739,7077,5875,5135,6982,3863,3308,3788,2322,600,1366,3034,3141,4581,8313,2697,0,9,4,3,2,4,4,0,1,2,1,0,0,1,0,2,0,0
bars,4-3-1162,275000.0,97.0,3.0,15.0,16.0,2.0,0,1,0,1,1,1,0,1,44.48842560030741,40.19502146089586,0,1,0,0,1,0,0,0,"(40.19502146089586, 44.48842560030741)",2477,2128,1392,8852,1770,4523,2755,4963,6524,3274,5275,4938,7293,517,5575,600,2846,3327,4767,6061,4997,6220,8423,6419,10,6,4,2,15,4,4,0,0,2,0,0,4,0,0,1,0,0
myrealty,137560,197000.0,55.0,2.0,2.0,5.0,1.0,1,1,0,1,0,1,1,0,44.50523170804844,40.19493042144863,1,0,0,0,0,0,1,0,"(40.19493042144863, 44.50523170804844)",1298,1340,285,10082,2264,4413,4176,3537,5680,3947,3987,5899,5915,1005,5800,894,1577,2701,4487,6014,5321,6700,7086,5995,1,0,1,2,4,3,0,0,0,0,0,0,1,0,0,0,0,0
bnakaran,d116333,300000.0,129.0,4.0,6.0,8.0,2.0,1,0,0,0,0,0,0,0,44.522924084656,40.213436935609,1,0,0,0,1,0,0,0,"(40.213436935609, 44.522924084656)",3122,3608,2813,12424,4811,6728,5915,3060,7095,4043,1979,8408,4189,3060,8244,2995,3038,4782,6677,8306,7810,9218,5101,7965,2,1,2,0,0,3,2,0,1,3,0,0,0,0,0,2,0,0
myrealty,141561,201000.0,153.0,5.0,1.0,6.0,3.0,0,0,0,0,0,0,0,0,44.52706263472466,40.205140244623664,0,0,0,1,0,0,1,0,"(40.205140244623664, 44.52706263472466)",2358,2941,2383,12253,4374,5973,6066,2164,6125,4696,1817,8046,3857,2960,7556,2869,2191,3978,5868,7521,7172,8611,4954,7074,0,2,3,1,3,5,4,0,1,3,2,1,2,3,0,0,0,0
bnakaran,d57467,400000.0,160.0,3.0,3.0,8.0,1.0,1,0,0,1,0,0,0,0,44.515078825082,40.183150782279,1,0,0,0,0,0,1,0,"(40.183150782279, 44.515078825082)",316,602,1370,10322,2305,3325,5267,2899,4127,5498,4195,5850,5682,2393,4923,2291,531,1349,3244,4882,4576,6034,6972,4593,18,6,32,3,5,7,12,1,0,5,0,1,1,2,0,2,0,0
bnakaran,d91884,50750.0,58.0,2.0,2.0,4.0,1.0,0,0,0,0,0,0,0,0,44.505501773856,40.18667285826,0,0,0,1,1,0,0,0,"(40.18667285826, 44.505501773856)",817,453,646,9706,1674,3503,4373,3572,4895,4722,4490,5348,6216,1540,4934,1447,1222,1809,3568,5103,4487,5899,7459,5090,1,2,4,4,2,4,1,1,1,1,1,0,0,1,0,2,0,0
myrealty,124690,450000.0,128.0,3.0,4.0,6.0,2.0,1,1,1,1,0,1,1,1,44.505052000470215,40.183781674798254,1,0,0,0,0,0,1,0,"(40.183781674798254, 44.505052000470215)",887,262,962,9548,1502,3179,4441,3684,4660,4983,4730,5140,6390,1776,4619,1692,1288,1522,3249,4780,4182,5603,7651,4785,3,3,6,3,2,6,4,2,1,2,1,1,1,2,0,0,0,0
myrealty,124644,110000.0,47.0,2.0,3.0,5.0,1.0,0,0,0,0,0,0,0,0,44.50164222859443,40.19625902492543,0,0,0,1,0,0,1,0,"(40.19625902492543, 44.50164222859443)",1614,1563,488,9886,2212,4544,3862,3853,5964,3648,4190,5779,6169,676,5864,566,1910,2924,4655,6141,5360,6708,7317,6202,4,3,2,4,5,1,1,1,2,0,0,0,0,0,0,0,0,0
bnakaran,d116679,250000.0,72.0,3.0,7.0,16.0,1.0,0,0,0,1,0,0,0,0,44.519620890876,40.185605860671,0,0,1,0,1,0,0,0,"(40.185605860671, 44.519620890876)",387,1027,1494,10777,2744,3731,5560,2442,4202,5523,3742,6318,5210,2547,5357,2439,71,1720,3606,5262,5029,6490,6499,4861,13,8,34,3,6,6,10,0,0,3,2,0,2,1,0,4,0,0
myrealty,139209,230000.0,96.0,3.0,7.0,9.0,1.0,1,1,0,0,0,1,1,1,44.50292388371961,40.192933034202376,1,0,0,0,0,0,1,0,"(40.192933034202376, 44.50292388371961)",1289,1179,141,9805,1968,4178,4007,3725,5593,4016,4268,5604,6167,912,5532,804,1623,2538,4277,5778,5044,6415,7352,5817,1,3,6,3,5,2,0,0,1,3,0,0,0,0,0,0,0,0
bars,4-3-95,200000.0,104.0,4.0,4.0,7.0,2.0,0,0,0,1,0,1,0,1,44.50603348930943,40.19194689069822,0,1,0,0,0,1,0,0,"(40.19194689069822, 44.50603348930943)",1014,1002,144,9991,2066,4090,4284,3463,5360,4255,4102,5735,5953,1195,5503,1086,1338,2362,4153,5691,5040,6434,7155,5657,1,3,8,0,4,1,0,0,0,1,0,0,1,0,0,0,0,0
bars,4-3-1427,115000.0,83.0,3.0,7.0,14.0,1.0,0,0,0,0,0,0,0,0,44.50164222859443,40.19625902492543,0,0,1,0,0,0,0,1,"(40.19625902492543, 44.50164222859443)",1614,1563,488,9886,2212,4544,3862,3853,5964,3648,4190,5779,6169,676,5864,566,1910,2924,4655,6141,5360,6708,7317,6202,4,3,2,4,5,1,1,1,2,0,0,0,0,0,0,0,0,0
bnakaran,d117579,160000.0,89.0,3.0,3.0,5.0,2.0,0,0,0,1,0,1,0,0,44.513892509261,40.165163273084,0,0,0,1,1,0,0,0,"(40.165163273084, 44.513892509261)",2319,2052,3136,9741,2659,1573,6115,4154,2658,7168,5931,5162,7013,3954,3278,3879,2395,689,1306,2975,3128,4561,8346,2610,0,9,1,4,2,2,2,0,2,1,1,0,0,1,0,2,0,0
bnakaran,d113725,146000.00000000003,78.0,3.0,8.0,9.0,1.0,0,0,0,1,0,0,0,0,44.495065,40.225053,0,0,1,0,1,0,0,0,"(40.225053, 44.495065)",4663,4796,3714,11400,5140,7758,4457,5669,9057,1544,4562,8099,6749,3094,8945,3126,4805,6159,7900,9343,8379,9600,7463,9449,0,1,0,0,0,1,0,0,1,4,0,0,0,1,0,0,0,0
myrealty,140268,121000.0,81.0,3.0,2.0,5.0,1.0,0,0,0,0,0,0,0,0,44.48028805,40.20511795,0,0,0,1,0,0,1,0,"(40.20511795, 44.48028805)",3640,3398,2491,8968,2975,5788,2187,5811,7827,2025,5656,5560,7810,1442,6710,1547,3966,4641,6062,7291,6099,7204,8819,7725,0,6,5,1,3,1,0,0,1,1,0,0,0,1,1,3,0,0
myrealty,142692,125000.0,85.0,4.0,1.0,6.0,2.0,0,1,0,1,0,1,1,0,44.52473536231635,40.20625843913501,0,0,0,1,1,0,0,0,"(40.20625843913501, 44.52473536231635)",2396,2945,2308,12140,4314,6018,5888,2396,6283,4464,1948,7974,4038,2813,7578,2727,2266,4039,5934,7579,7177,8608,5107,7179,0,1,5,1,1,8,4,0,2,0,2,1,0,3,0,0,0,0
bnakaran,d102791,153000.0,85.0,2.0,7.0,8.0,1.0,1,0,1,1,0,0,0,0,44.515702460327,40.177120695254,1,0,0,0,0,0,1,0,"(40.177120695254, 44.515702460327)",988,930,1951,10170,2324,2739,5563,3165,3528,6081,4705,5630,6018,2910,4388,2817,1071,721,2606,4261,4097,5563,7333,3921,5,7,14,0,7,11,9,0,0,3,0,1,0,0,1,0,0,0
myrealty,139109,595000.0,118.0,3.0,8.0,12.0,2.0,1,1,0,0,0,1,0,0,44.51642634119875,40.18161375666288,1,0,0,0,0,0,1,0,"(40.18161375666288, 44.51642634119875)",500,734,1574,10375,2392,3213,5431,2864,3922,5703,4260,5879,5678,2592,4837,2491,589,1210,3104,4754,4513,5976,6978,4417,20,5,31,3,6,10,20,0,0,2,2,0,0,1,0,0,0,0
myrealty,132028,215000.00000000003,70.0,3.0,6.0,11.0,2.0,0,1,0,1,0,1,1,1,44.51166722152143,40.182206184659805,0,0,1,0,0,0,1,0,"(40.182206184659805, 44.51166722152143)",512,326,1291,10014,2001,3128,5028,3208,4189,5420,4462,5544,5984,2259,4691,2163,828,1222,3093,4705,4321,5774,7270,4514,11,10,16,6,5,5,12,4,0,4,0,1,1,5,0,4,0,0
bars,1-3-2100,170000.0,98.0,3.0,12.0,16.0,1.0,0,0,1,0,0,0,0,1,44.5273774,40.17699785,0,0,1,0,0,1,0,0,"(40.17699785, 44.5273774)",1446,1779,2595,11125,3314,3314,6482,2410,3073,6680,4253,6565,5274,3634,5017,3530,1206,1442,3025,4680,4823,6276,6605,3983,0,1,2,0,0,4,1,0,1,5,0,0,3,1,0,0,0,0
bnakaran,d117394,110000.0,100.0,3.0,7.0,15.0,2.0,0,0,0,0,0,0,0,0,44.506882357147,40.184571825636,0,0,1,0,1,0,0,0,"(40.184571825636, 44.506882357147)",715,192,897,9725,1679,3288,4557,3511,4637,4983,4556,5319,6212,1795,4757,1704,1119,1551,3332,4887,4332,5759,7473,4838,4,5,6,4,4,9,5,5,1,2,3,0,1,2,0,3,0,0
myrealty,142504,105000.0,80.0,3.0,1.0,5.0,1.0,0,0,0,0,1,1,1,0,44.4684631,40.199323,0,0,0,1,0,0,1,0,"(40.199323, 44.4684631)",4228,3813,3152,7789,2818,5590,1048,6692,8057,2748,6761,4608,8875,2162,6227,2272,4604,4852,5960,6967,5583,6518,9931,7647,1,0,0,2,7,0,0,0,0,1,0,0,0,0,0,0,0,0
bnakaran,d29901,768800.0,31.0,2.0,2.0,5.0,1.0,0,0,0,0,0,0,0,0,44.498600006104,40.202201843262,0,0,0,1,1,0,0,0,"(40.202201843262, 44.498600006104)",2281,2273,1195,10012,2709,5206,3627,4224,6662,2963,4199,6099,6296,687,6461,658,2535,3632,5342,6797,5929,7232,7367,6904,6,15,12,5,5,0,6,1,0,2,0,1,0,1,0,1,0,0
myrealty,124563,330000.0,140.0,3.0,2.0,5.0,1.0,0,0,0,0,0,0,0,0,44.51002309500625,40.20586486520793,0,0,0,1,0,0,1,0,"(40.20586486520793, 44.51002309500625)",2250,2541,1566,11047,3494,5669,4649,3443,6596,3397,3158,7042,5286,1680,7081,1614,2340,3856,5705,7269,6602,7973,6328,7144,2,4,4,7,6,5,5,0,5,1,0,0,0,2,0,2,0,0
bars,1-3-1645,300000.0,200.0,6.0,3.0,9.0,2.0,0,0,0,0,0,0,0,1,44.51181945133735,40.183313571671,0,0,1,0,1,0,0,0,"(40.183313571671, 44.51181945133735)",407,326,1190,10067,2039,3249,4999,3152,4285,5325,4361,5612,5910,2178,4806,2080,757,1345,3216,4828,4430,5880,7191,4634,7,11,23,5,5,6,11,5,0,4,0,1,1,4,0,5,0,0
myrealty,139334,350000.0,89.0,4.0,4.0,4.0,1.0,0,0,0,0,0,0,0,0,44.519048808509375,40.177015330930764,0,0,0,1,1,0,0,0,"(40.177015330930764, 44.519048808509375)",1054,1155,2115,10441,2609,2874,5827,2939,3367,6249,4565,5893,5802,3108,4549,3011,1025,869,2689,4356,4289,5753,7123,3905,3,7,10,2,5,10,5,1,0,2,0,1,0,0,1,0,0,0
myrealty,122618,325000.0,121.0,3.0,4.0,18.0,2.0,1,0,0,0,0,0,0,0,44.499472776670245,40.180107053322125,1,0,0,0,0,0,1,0,"(40.180107053322125, 44.499472776670245)",1479,794,1434,8960,942,2748,4181,4260,4673,5152,5355,4523,7000,1965,4080,1909,1862,1462,2909,4341,3610,5011,8268,4530,0,1,6,2,0,7,1,1,0,2,0,0,0,0,0,2,0,0
myrealty,140776,105000.0,81.0,3.0,1.0,9.0,1.0,0,1,0,0,1,1,1,1,44.49082633472604,40.19822318396341,0,0,1,0,1,0,0,0,"(40.19822318396341, 44.49082633472604)",2468,2228,1325,9217,2135,4831,2938,4791,6670,3009,4961,5346,7019,273,5942,384,2806,3507,5044,6390,5374,6615,8122,6674,15,10,19,2,8,1,4,0,0,2,0,0,1,2,0,1,0,0
bars,1-3-46,195000.0,170.0,3.0,4.0,5.0,1.0,0,0,0,0,0,0,0,0,44.512115310889925,40.18645225816211,0,1,0,0,0,0,0,1,"(40.18645225816211, 44.512115310889925)",257,514,929,10215,2169,3591,4919,3029,4571,5053,4091,5807,5721,1965,5129,1861,660,1693,3566,5174,4736,6179,6984,4979,14,5,22,2,4,3,4,5,0,2,2,0,1,2,0,2,0,0
bnakaran,d117633,600000.0,200.0,4.0,4.0,16.0,2.0,1,0,1,0,0,0,0,0,44.516620071441,40.17792573882,1,0,0,0,1,0,0,0,"(40.17792573882, 44.516620071441)",907,929,1915,10270,2395,2855,5598,3050,3561,6049,4587,5734,5902,2894,4506,2798,962,836,2715,4372,4216,5681,7216,4007,7,8,14,2,7,7,10,1,0,1,0,0,0,1,1,0,0,0
bnakaran,d110850,450000.0,130.0,3.0,3.0,12.0,2.0,1,0,0,1,0,0,0,0,44.508127,40.184698,1,0,0,0,1,0,0,0,"(40.184698, 44.508127)",608,182,914,9829,1782,3321,4652,3405,4587,5026,4469,5416,6111,1852,4811,1757,1012,1537,3347,4917,4396,5828,7375,4832,4,7,11,4,5,8,6,6,1,3,2,0,2,2,0,4,0,0
myrealty,140668,349999.99999999994,142.0,3.0,5.0,7.0,2.0,0,1,0,1,0,1,1,1,44.51227294254827,40.19201414395731,0,0,0,1,0,0,1,0,"(40.19201414395731, 44.51227294254827)",710,1060,665,10473,2480,4192,4807,2933,5110,4576,3669,6160,5454,1674,5698,1563,913,2312,4182,5781,5278,6704,6674,5593,1,0,3,0,0,2,0,0,0,1,0,0,1,2,0,0,0,0
myrealty,127811,296000.0,132.0,4.0,3.0,5.0,2.0,0,0,0,0,0,0,0,0,44.51406057333508,40.190047324583134,0,0,0,1,0,0,1,0,"(40.190047324583134, 44.51406057333508)",458,932,857,10522,2492,4021,4992,2796,4847,4841,3695,6160,5398,1899,5561,1788,653,2099,3984,5600,5164,6602,6641,5364,8,4,12,0,2,1,6,1,0,1,0,0,2,3,0,0,0,0
myrealty,142690,180000.0,110.0,3.0,14.0,18.0,1.0,1,0,0,0,0,0,0,0,44.4567380668362,40.166016462777485,1,0,0,0,0,1,0,0,"(40.166016462777485, 44.4567380668362)",5432,4749,5006,5016,3062,3900,3565,8210,7184,6583,9187,776,10945,4685,3409,4733,5816,4745,4468,4516,2810,3054,12196,5856,0,0,0,1,1,0,0,0,1,2,0,0,0,0,0,0,0,0
bnakaran,d116798,123600.0,103.0,3.0,3.0,5.0,2.0,0,0,0,0,0,0,0,0,44.502899169922,40.177200317383,0,0,0,1,1,0,0,0,"(40.177200317383, 44.502899169922)",1424,782,1698,9131,1244,2432,4594,4112,4239,5562,5374,4630,6910,2359,3871,2294,1756,1030,2538,4033,3451,4888,8199,4129,6,10,11,0,0,6,3,1,0,2,2,0,0,1,0,0,0,0
myrealty,136392,159000.0,56.0,2.0,3.0,12.0,1.0,1,1,1,1,0,1,1,1,44.52733885,40.20019725,1,0,0,0,0,0,1,0,"(40.20019725, 44.52733885)",1890,2516,2126,12020,4050,5478,6043,1845,5579,4976,2102,7730,3948,2869,7086,2767,1678,3470,5351,7011,6724,8174,5128,6530,0,1,0,0,1,1,0,1,0,1,0,0,1,1,0,0,0,0
bnakaran,d109151,549000.0,121.0,4.0,5.0,5.0,2.0,0,0,0,0,0,0,0,0,44.515646,40.18919,0,0,0,1,0,0,1,0,"(40.18919, 44.515646)",357,942,1016,10608,2567,3971,5142,2675,4703,5001,3663,6222,5317,2061,5535,1951,489,2019,3912,5541,5154,6600,6571,5262,10,5,16,1,2,1,5,1,0,2,0,0,2,3,0,0,0,0
myrealty,139056,550000.0,201.0,4.0,16.0,16.0,2.0,1,0,1,0,0,0,0,1,44.4972968,40.20489739999999,1,0,0,0,0,1,0,0,"(40.20489739999999, 44.4972968)",2588,2592,1513,10091,2965,5510,3569,4413,6976,2661,4236,6269,6372,902,6740,905,2827,3952,5654,7098,6197,7482,7406,7222,3,5,3,2,2,0,1,1,0,2,0,1,0,0,0,1,0,0
bars,1-3-1974,500000.0,250.0,5.0,5.0,5.0,2.0,0,0,0,1,1,1,0,1,44.51166722152143,40.182206184659805,0,0,0,1,0,1,0,0,"(40.182206184659805, 44.51166722152143)",512,326,1291,10014,2001,3128,5028,3208,4189,5420,4462,5544,5984,2259,4691,2163,828,1222,3093,4705,4321,5774,7270,4514,11,10,16,6,5,5,12,4,0,4,0,1,1,5,0,4,0,0
myrealty,124857,349999.99999999994,150.0,4.0,5.0,9.0,2.0,1,0,0,0,0,0,0,0,44.50472122504243,40.19100870974382,1,0,0,0,0,0,1,0,"(40.19100870974382, 44.50472122504243)",1042,926,159,9845,1913,3975,4193,3578,5331,4278,4253,5583,6093,1159,5370,1054,1394,2289,4053,5576,4900,6290,7300,5576,1,3,7,1,4,1,0,0,0,2,0,0,1,0,0,0,0,0
bars,4-3-1395,154000.0,61.0,3.0,1.0,5.0,1.0,0,0,0,1,0,0,0,0,44.499437857296144,40.19210576699806,0,0,0,1,1,0,0,0,"(40.19210576699806, 44.499437857296144)",1492,1240,428,9500,1720,4082,3729,4022,5686,3942,4570,5323,6477,746,5372,655,1856,2561,4221,5675,4863,6209,7661,5801,2,3,2,3,4,2,2,1,1,3,0,0,0,0,0,0,0,0
bars,1-3-2080,900000.0,320.0,7.0,5.0,4.0,4.0,0,0,0,1,1,1,0,0,44.51808492499669,40.187096641397815,0,1,0,0,0,1,0,0,"(40.187096641397815, 44.51808492499669)",282,967,1300,10714,2669,3828,5394,2519,4406,5313,3694,6281,5240,2352,5431,2243,181,1835,3730,5377,5081,6537,6516,5025,9,6,21,2,6,2,7,0,0,4,1,0,2,1,0,2,0,0
myrealty,130753,129999.99999999996,66.0,2.0,5.0,5.0,1.0,0,1,0,0,0,1,0,0,44.50264037003831,40.20040397660547,0,0,0,1,0,0,1,0,"(40.20040397660547, 44.50264037003831)",1919,1981,900,10193,2657,5007,3950,3843,6317,3335,3934,6171,5989,830,6332,752,2153,3344,5107,6606,5825,7166,7091,6634,5,8,7,4,5,2,4,1,3,1,0,0,0,0,0,1,0,0
bars,1-A-113,500000.00000000006,146.0,4.0,3.0,6.0,2.0,1,0,1,0,1,0,0,1,44.50523170804844,40.19493042144863,0,1,0,0,0,1,0,0,"(40.19493042144863, 44.50523170804844)",1298,1340,285,10082,2264,4413,4176,3537,5680,3947,3987,5899,5915,1005,5800,894,1577,2701,4487,6014,5321,6700,7086,5995,1,0,1,2,4,3,0,0,0,0,0,0,1,0,0,0,0,0
myrealty,140352,108000.0,69.0,1.0,1.0,5.0,1.0,0,0,0,0,0,0,0,0,44.47439213842463,40.198846692958135,0,1,0,0,1,0,0,0,"(40.198846692958135, 44.47439213842463)",3740,3350,2651,8136,2499,5315,1544,6185,7653,2712,6282,4722,8384,1656,6075,1765,4111,4442,5652,6747,5443,6469,9452,7336,6,3,1,2,9,5,1,0,1,2,0,0,1,0,0,0,0,0
myrealty,139830,820000.0000000001,170.0,4.0,6.0,15.0,2.0,1,0,0,0,0,0,0,0,44.51959732658925,40.20241187184684,1,0,0,0,0,0,1,0,"(40.20241187184684, 44.51959732658925)",1864,2366,1698,11551,3703,5473,5403,2544,5968,4287,2519,7365,4532,2266,7006,2173,1801,3525,5420,7048,6591,8015,5652,6729,0,4,2,2,1,2,0,0,2,3,0,0,0,1,0,0,0,0
myrealty,142711,87000.0,60.0,2.0,1.0,5.0,1.0,0,1,0,0,1,1,1,1,44.46529796992896,40.20902734145039,0,0,0,1,1,0,0,0,"(40.20902734145039, 44.46529796992896)",4943,4635,3803,8372,3865,6670,1440,7152,9001,1861,6880,5600,9065,2751,7339,2860,5284,5790,7018,8070,6694,7608,10019,8704,10,4,8,2,5,14,3,0,3,5,0,0,0,1,0,0,0,0
bnakaran,d42339,240000.0,109.0,3.0,10.0,16.0,2.0,1,0,0,1,0,0,0,0,44.516680598281,40.203909758636,1,0,0,0,1,0,0,0,"(40.203909758636, 44.516680598281)",1996,2433,1645,11417,3654,5566,5174,2839,6199,3988,2680,7290,4749,2081,7063,1995,1986,3655,5541,7153,6626,8035,5837,6896,1,1,4,2,2,0,5,0,3,1,0,0,0,1,0,0,0,0
myrealty,141400,139000.0,60.0,2.0,4.0,5.0,1.0,0,0,0,0,0,0,0,0,44.499155086504345,40.19562050194883,0,0,0,1,0,0,1,0,"(40.19562050194883, 44.499155086504345)",1725,1585,573,9667,2049,4473,3656,4058,6020,3592,4411,5580,6392,490,5750,379,2048,2929,4611,6065,5231,6562,7540,6184,2,7,3,6,5,1,2,2,2,1,0,0,0,2,0,0,0,0
myrealty,127280,115000.0,70.0,2.0,2.0,5.0,1.0,0,0,0,0,0,0,0,0,44.50164222859443,40.19625902492543,0,0,0,1,1,0,0,0,"(40.19625902492543, 44.50164222859443)",1614,1563,488,9886,2212,4544,3862,3853,5964,3648,4190,5779,6169,676,5864,566,1910,2924,4655,6141,5360,6708,7317,6202,4,3,2,4,5,1,1,1,2,0,0,0,0,0,0,0,0,0
myrealty,138349,140000.0,65.0,2.0,3.0,5.0,1.0,0,1,0,0,0,1,1,0,44.48391940382059,40.15066923296988,0,0,0,1,0,0,1,0,"(40.15066923296988, 44.48391940382059)",4738,4141,4960,7092,3184,1503,5772,7105,4672,8081,8671,2755,9974,5245,660,5230,4995,3314,2022,1646,116,1571,11300,3056,30,18,13,4,5,3,13,2,0,5,0,0,0,1,0,1,0,0
myrealty,130359,350000.0,110.0,3.0,6.0,7.0,2.0,0,1,0,1,0,1,1,1,44.491346750379165,40.19366433254226,0,0,1,0,0,0,1,0,"(40.19366433254226, 44.491346750379165)",2189,1840,1122,8985,1637,4325,3022,4710,6248,3497,5105,4974,7088,448,5440,480,2561,3059,4546,5881,4878,6139,8238,6185,6,6,1,2,11,3,1,1,0,2,0,0,1,0,0,2,0,0
bnakaran,d111447,139000.0,39.0,1.0,3.0,4.0,1.0,0,0,0,0,0,0,0,0,44.517827433837,40.178346581973,0,0,0,1,1,0,0,0,"(40.178346581973, 44.517827433837)",882,986,1934,10381,2496,2946,5673,2939,3548,6068,4493,5847,5792,2930,4604,2832,891,926,2791,4453,4321,5786,7107,4052,5,9,14,1,9,6,7,1,0,1,0,0,0,1,1,0,0,0
bnakaran,d100716,750000.0,250.0,4.0,8.0,16.0,3.0,1,0,1,1,0,0,0,0,44.506554722509,40.181374428521,1,0,0,0,1,0,0,0,"(40.181374428521, 44.506554722509)",888,223,1242,9574,1557,2933,4660,3646,4371,5279,4824,5116,6405,2071,4419,1988,1253,1225,2977,4531,4009,5446,7684,4495,10,7,16,3,3,7,9,2,0,3,0,1,1,4,0,3,0,0
myrealty,133575,410000.0,90.0,2.0,12.0,12.0,1.0,0,1,1,1,0,1,1,1,44.514048989347714,40.1861605885798,0,0,1,0,0,0,1,0,"(40.1861605885798, 44.514048989347714)",90,619,1072,10356,2311,3609,5086,2877,4463,5177,4000,5932,5590,2117,5174,2011,495,1668,3557,5181,4798,6248,6861,4932,15,9,32,1,4,4,8,2,0,2,0,0,2,1,0,1,0,0
myrealty,139333,230000.0,84.0,3.0,14.0,16.0,1.0,1,1,0,1,0,1,1,1,44.48269187331872,40.1815899567878,1,0,0,0,0,0,1,0,"(40.1815899567878, 44.48269187331872)",2795,2155,2207,7706,562,3281,2900,5586,5876,4647,6392,3487,8218,1978,4086,2002,3201,2757,3650,4705,3479,4654,9440,5336,0,0,0,0,0,0,0,0,0,0,0,0,0,0,0,0,0,0
myrealty,128297,390000.0,105.0,3.0,9.0,15.0,2.0,1,1,0,1,0,1,1,1,44.49082633472604,40.19822318396341,1,0,0,0,0,0,1,0,"(40.19822318396341, 44.49082633472604)",2468,2228,1325,9217,2135,4831,2938,4791,6670,3009,4961,5346,7019,273,5942,384,2806,3507,5044,6390,5374,6615,8122,6674,15,10,19,2,8,1,4,0,0,2,0,0,1,2,0,1,0,0
bnakaran,d113013,195000.0,130.0,3.0,14.0,15.0,2.0,1,0,0,0,0,0,0,0,44.51240735,40.18048421,1,0,0,0,1,0,0,0,"(40.18048421, 44.51240735)",654,472,1490,10012,2040,2967,5157,3226,3995,5616,4568,5516,6032,2444,4553,2350,899,1030,2912,4535,4203,5661,7328,4316,11,4,11,3,3,9,9,3,0,3,0,1,1,2,0,3,0,0
bnakaran,d107306,220000.0,63.0,3.0,4.0,4.0,1.0,0,0,0,0,0,0,0,0,44.510534,40.184436,0,0,0,1,1,0,0,0,"(40.184436, 44.510534)",424,264,1027,10009,1966,3339,4855,3217,4449,5160,4345,5577,5944,2013,4869,1914,818,1476,3329,4926,4475,5918,7216,4772,8,11,16,3,4,7,8,6,0,5,2,1,1,4,0,5,0,0
bnakaran,d78594,81900.0,63.0,2.0,9.0,14.0,1.0,1,0,0,0,0,0,0,0,44.510423720058,40.180692384193,1,0,0,0,1,0,0,0,"(40.180692384193, 44.510423720058)",710,334,1400,9859,1874,2936,4992,3370,4111,5507,4658,5374,6162,2320,4492,2230,1011,1063,2914,4517,4123,5576,7453,4361,10,4,14,6,2,8,11,3,0,3,0,2,1,3,0,3,0,0
myrealty,132609,255000.0,152.0,4.0,5.0,12.0,2.0,1,1,0,0,0,1,0,0,44.5388218,40.222082400000005,1,0,0,0,0,0,1,0,"(40.222082400000005, 44.5388218)",4489,5067,4403,14080,6413,8098,7504,3324,7926,5246,1240,10044,3127,4718,9688,4652,4300,6091,7970,9632,9300,10735,3733,9089,0,0,1,0,1,1,0,0,0,2,0,0,0,0,0,0,0,0
bnakaran,d115369,248000.0000000001,90.0,2.0,7.0,17.0,2.0,1,0,0,0,0,1,0,0,44.506566269836,40.205860599636,1,0,0,0,1,0,0,0,"(40.205860599636, 44.506566269836)",2324,2538,1504,10801,3349,5634,4361,3711,6710,3160,3444,6845,5579,1448,7001,1394,2460,3881,5699,7235,6504,7854,6614,7178,2,1,3,6,2,6,3,0,5,2,0,0,0,2,0,1,0,0
bnakaran,d117534,138000.0,37.0,2.0,4.0,4.0,1.0,0,0,0,1,0,0,0,0,44.512886694442,40.166280775702,0,0,0,1,1,0,0,0,"(40.166280775702, 44.512886694442)",2200,1911,2994,9676,2517,1604,5972,4122,2801,7019,5862,5094,6987,3805,3305,3731,2294,552,1386,3052,3125,4569,8318,2745,0,7,4,2,2,4,4,0,0,2,1,0,0,1,0,2,0,0
myrealty,125604,275000.0,110.0,4.0,14.0,14.0,2.0,1,1,1,1,0,1,1,1,44.489355959454166,40.21403837276494,1,0,0,0,0,0,1,0,"(40.21403837276494, 44.489355959454166)",3807,3790,2723,10203,3885,6588,3326,5418,8195,1456,4830,6786,7036,1905,7691,1961,4036,5140,6779,8152,7110,8302,7934,8382,0,1,0,0,0,3,0,1,6,0,1,0,0,1,0,0,0,0
bnakaran,d115412,49500.0,55.0,2.0,2.0,5.0,1.0,0,0,0,1,0,1,0,0,44.491626252639,40.200477488305,0,1,0,0,1,0,0,0,"(40.200477488305, 44.491626252639)",2561,2383,1410,9414,2392,5068,3018,4762,6829,2809,4821,5589,6910,403,6197,488,2877,3691,5268,6632,5632,6875,7989,6888,1,6,9,3,3,1,3,1,1,2,0,0,1,3,0,1,0,0
bars,1-3-1515,550000.0,209.0,5.0,4.0,4.0,3.0,0,0,0,0,0,0,0,0,44.517821617617976,40.17743184144194,0,1,0,0,1,0,0,0,"(40.17743184144194, 44.517821617617976)",980,1043,2017,10353,2501,2858,5713,2996,3460,6152,4579,5811,5855,3003,4522,2907,991,841,2695,4358,4247,5712,7172,3950,4,9,12,2,6,8,6,1,0,1,0,0,0,1,1,0,0,0
myrealty,122879,79500.0,30.0,1.0,5.0,5.0,1.0,0,0,0,0,0,0,0,0,44.514048989347714,40.1861605885798,0,0,0,1,1,0,0,0,"(40.1861605885798, 44.514048989347714)",90,619,1072,10356,2311,3609,5086,2877,4463,5177,4000,5932,5590,2117,5174,2011,495,1668,3557,5181,4798,6248,6861,4932,15,9,32,1,4,4,8,2,0,2,0,0,2,1,0,1,0,0
bnakaran,d117383,312000.0,99.0,3.0,4.0,4.0,1.0,0,0,0,0,0,0,0,0,44.508580830688,40.180067226186,0,0,0,1,1,0,0,0,"(40.180067226186, 44.508580830688)",860,336,1418,9689,1712,2827,4877,3541,4150,5489,4814,5203,6332,2286,4359,2201,1178,1029,2833,4417,3977,5426,7621,4318,11,7,24,6,2,9,9,3,0,1,1,2,2,3,0,3,0,0
bnakaran,d92779,104000.0,80.0,3.0,8.0,10.0,1.0,0,0,0,0,0,0,0,0,44.513401031494,40.188598632812,0,0,0,1,1,0,0,0,"(40.188598632812, 44.513401031494)",322,768,870,10407,2367,3850,4969,2874,4728,4929,3846,6026,5517,1923,5391,1815,611,1935,3817,5431,4997,6438,6769,5207,14,3,18,0,2,1,7,2,0,1,0,0,3,2,0,0,0,0
myrealty,141883,236000.0,83.0,3.0,5.0,7.0,2.0,1,1,0,1,0,1,1,1,44.53194205401087,40.16157204361941,1,0,0,0,0,0,1,0,"(40.16157204361941, 44.53194205401087)",3070,3138,4150,11217,4177,2759,7606,3695,1335,8285,5785,6661,6366,5122,4333,5029,2925,1993,2244,3632,4373,5691,7684,2487,0,0,0,0,0,1,0,0,0,1,0,0,0,0,0,0,0,0
bnakaran,d114691,429000.0,169.0,4.0,15.0,15.0,2.0,1,0,0,1,0,0,0,0,44.541173985457,40.20386880665,1,0,0,0,1,0,0,0,"(40.20386880665, 44.541173985457)",2975,3646,3367,13255,5256,6402,7242,1318,5904,5853,1045,8929,2707,4092,8066,3993,2669,4387,6193,7861,7760,9222,3890,7166,0,4,2,2,3,3,5,0,1,2,0,0,0,0,0,1,0,0
myrealty,142645,159000.00000000003,70.0,2.0,2.0,5.0,1.0,1,0,0,0,0,0,0,0,44.50523170804844,40.19493042144863,1,0,0,0,0,1,0,0,"(40.19493042144863, 44.50523170804844)",1298,1340,285,10082,2264,4413,4176,3537,5680,3947,3987,5899,5915,1005,5800,894,1577,2701,4487,6014,5321,6700,7086,5995,1,0,1,2,4,3,0,0,0,0,0,0,1,0,0,0,0,0
bnakaran,d117303,159000.0,106.0,3.0,8.0,8.0,2.0,1,0,0,0,0,0,0,0,44.522911626983,40.213238657146,1,0,0,0,0,0,1,0,"(40.213238657146, 44.522911626983)",3100,3587,2794,12411,4792,6707,5908,3045,7074,4048,1979,8392,4188,3047,8223,2981,3016,4760,6655,8284,7790,9198,5105,7943,2,1,2,0,0,4,2,0,1,4,0,0,0,0,0,2,0,0
bnakaran,d116513,490000.00000000006,105.0,3.0,3.0,10.0,2.0,1,0,0,1,0,0,0,0,44.512825899475,40.182836337675,1,0,0,0,0,0,1,0,"(40.182836337675, 44.512825899475)",400,411,1281,10130,2111,3225,5097,3090,4195,5416,4344,5663,5863,2276,4799,2178,707,1292,3176,4797,4435,5889,7150,4573,9,9,20,4,4,8,9,4,0,4,0,1,1,3,0,4,0,0
bnakaran,d112991,110000.0,43.0,2.0,3.0,10.0,2.0,0,0,0,1,0,0,0,0,44.5064375238,40.206337721309,0,0,1,0,0,0,1,0,"(40.206337721309, 44.5064375238)",2377,2591,1555,10821,3391,5686,4361,3742,6763,3119,3444,6878,5586,1476,7050,1424,2512,3935,5752,7287,6551,7899,6613,7232,2,1,3,5,2,6,3,0,3,2,0,0,0,1,0,1,0,0
myrealty,130538,200000.0,89.0,4.0,2.0,9.0,1.0,0,0,0,0,0,1,0,0,44.52003469603711,40.17296185385123,0,0,1,0,0,0,1,0,"(40.17296185385123, 44.52003469603711)",1509,1519,2537,10414,2768,2563,6097,3168,2939,6670,4921,5841,6035,3501,4261,3408,1473,695,2316,3984,4056,5510,7364,3458,3,5,10,5,2,7,0,0,3,5,1,1,2,0,0,0,0,0
bars,4-3-554,600000.0,187.0,4.0,4.0,16.0,2.0,0,1,1,1,1,1,0,1,44.50603348930943,40.19194689069822,0,1,0,0,1,0,0,0,"(40.19194689069822, 44.50603348930943)",1014,1002,144,9991,2066,4090,4284,3463,5360,4255,4102,5735,5953,1195,5503,1086,1338,2362,4153,5691,5040,6434,7155,5657,1,3,8,0,4,1,0,0,0,1,0,0,1,0,0,0,0,0
myrealty,142337,169000.0,56.0,2.0,9.0,14.0,1.0,1,1,0,1,0,1,1,0,44.48023076128606,40.14596510603376,1,0,0,0,0,0,1,0,"(40.14596510603376, 44.48023076128606)",5347,4751,5561,6813,3750,2016,6143,7688,5015,8587,9277,2715,10557,5816,491,5805,5601,3905,2481,1659,523,992,11885,3242,0,0,0,1,1,1,0,0,0,1,0,0,0,2,0,0,0,0
bnakaran,d117311,83700.0,62.0,2.0,2.0,12.0,1.0,1,0,0,1,0,0,0,0,44.520523,40.20867,1,0,0,0,1,0,0,0,"(40.20867, 44.520523)",2562,3040,2263,11969,4269,6162,5585,2843,6621,4028,2220,7890,4377,2602,7676,2527,2497,4224,6118,7742,7245,8656,5390,7427,1,6,8,0,1,4,7,2,3,3,0,0,0,1,0,2,0,0
bars,1-B-120,255000.0,58.0,2.0,15.0,13.0,1.0,0,0,0,1,0,1,0,1,44.51863665459219,40.17606564344017,0,1,0,0,1,0,0,0,"(40.17606564344017, 44.51863665459219)",1145,1192,2182,10380,2585,2767,5839,3030,3295,6316,4674,5826,5896,3162,4445,3067,1133,769,2578,4245,4191,5654,7219,3799,2,5,9,1,4,7,2,1,0,2,0,1,1,0,1,0,0,0
myrealty,138434,190000.0,108.0,4.0,4.0,4.0,2.0,0,1,0,0,0,1,1,0,44.5388218,40.222082400000005,0,1,0,0,0,0,1,0,"(40.222082400000005, 44.5388218)",4489,5067,4403,14080,6413,8098,7504,3324,7926,5246,1240,10044,3127,4718,9688,4652,4300,6091,7970,9632,9300,10735,3733,9089,0,0,1,0,1,1,0,0,0,2,0,0,0,0,0,0,0,0
myrealty,132001,285000.0,68.0,3.0,3.0,10.0,2.0,1,0,0,0,0,0,0,0,44.51959732658925,40.20241187184684,1,0,0,0,0,0,1,0,"(40.20241187184684, 44.51959732658925)",1864,2366,1698,11551,3703,5473,5403,2544,5968,4287,2519,7365,4532,2266,7006,2173,1801,3525,5420,7048,6591,8015,5652,6729,0,4,2,2,1,2,0,0,2,3,0,0,0,1,0,0,0,0
bnakaran,d95762,93000.0,62.0,3.0,2.0,4.0,1.0,0,0,0,0,0,0,0,0,44.505909600838,40.178988220217,0,0,0,1,1,0,0,0,"(40.178988220217, 44.505909600838)",1102,486,1499,9435,1482,2662,4723,3797,4205,5489,5055,4946,6588,2276,4154,2199,1433,1014,2713,4260,3753,5197,7876,4250,9,11,18,5,2,5,5,1,0,3,1,1,0,3,0,1,0,0
myrealty,134669,97000.0,50.0,2.0,3.0,5.0,1.0,0,0,0,0,0,0,0,0,44.51413593557797,40.21066440089994,0,0,0,1,0,0,1,0,"(40.21066440089994, 44.51413593557797)",2743,3113,2187,11632,4132,6253,5112,3410,6981,3442,2729,7672,4918,2284,7695,2227,2762,4389,6261,7849,7226,8604,5883,7653,0,0,0,3,1,0,0,1,1,2,0,0,1,0,0,0,0,0
myrealty,142715,130000.0,80.0,1.0,7.0,11.0,3.0,0,1,1,1,0,1,1,1,44.58217085,40.187316,1,0,0,0,0,0,1,0,"(40.187316, 44.58217085)",5700,6319,6625,15919,8013,7794,10764,3066,5477,9777,4140,11354,2658,7588,9445,7478,5292,6210,7338,8762,9405,10790,3504,7432,0,0,0,0,0,2,0,0,0,0,0,0,0,0,0,0,0,0
bnakaran,d92458,35000.0,40.0,2.0,5.0,9.0,1.0,0,0,0,0,0,0,0,0,44.507789591895,40.180094773661,0,0,1,0,1,0,0,0,"(40.180094773661, 44.507789591895)",903,330,1400,9626,1645,2814,4814,3602,4195,5454,4856,5144,6387,2247,4333,2164,1232,1054,2834,4408,3943,5389,7675,4334,11,9,23,5,2,6,10,3,0,1,1,1,1,3,0,3,0,0
bnakaran,d112352,124800.0,96.0,3.0,4.0,14.0,1.0,0,0,0,0,0,0,0,0,44.521879764556,40.181826506084,0,1,0,0,0,0,1,0,"(40.181826506084, 44.521879764556)",740,1187,1892,10823,2855,3454,5862,2443,3740,5968,3982,6312,5284,2938,5120,2832,516,1439,3275,4942,4838,6303,6596,4451,10,6,14,3,4,9,6,0,0,0,2,0,3,1,0,0,0,0
myrealty,136499,60000.0,43.0,1.0,5.0,5.0,1.0,0,1,0,0,1,1,0,0,44.48028805,40.20511795,0,0,0,1,1,0,0,0,"(40.20511795, 44.48028805)",3640,3398,2491,8968,2975,5788,2187,5811,7827,2025,5656,5560,7810,1442,6710,1547,3966,4641,6062,7291,6099,7204,8819,7725,0,6,5,1,3,1,0,0,1,1,0,0,0,1,1,3,0,0
bars,1-1-401,245000.0,48.0,1.0,2.0,6.0,1.0,0,1,0,1,0,1,0,1,44.5215976,40.18607885,0,1,0,0,1,0,0,0,"(40.18607885, 44.5215976)",552,1203,1617,10953,2920,3853,5710,2267,4189,5596,3600,6491,5039,2668,5493,2559,146,1836,3708,5370,5176,6638,6331,4921,10,7,25,2,3,3,9,0,0,3,2,0,4,1,0,4,0,0
myrealty,141462,215000.00000000003,77.0,2.0,3.0,5.0,1.0,0,1,0,1,0,1,1,0,44.51240035,40.1775186,0,0,0,1,0,0,1,0,"(40.1775186, 44.51240035)",970,721,1790,9913,2041,2659,5290,3380,3727,5897,4829,5384,6218,2703,4269,2615,1157,700,2586,4217,3944,5407,7525,3989,6,1,16,1,3,15,11,1,0,3,0,0,0,0,1,0,0,0
bnakaran,d117746,670000.0,111.0,3.0,5.0,19.0,2.0,1,0,0,0,0,0,0,0,44.512879,40.17787,1,0,0,0,1,0,0,0,"(40.17787, 44.512879)",923,711,1769,9963,2079,2711,5310,3325,3734,5884,4774,5437,6162,2696,4324,2606,1102,741,2632,4266,4000,5463,7469,4023,7,1,16,0,4,14,11,1,0,1,0,0,0,0,1,0,0,0
myrealty,141829,115000.0,46.0,2.0,15.0,16.0,1.0,0,0,0,0,0,0,0,0,44.42128610507695,40.1879233237781,0,0,1,0,0,0,1,0,"(40.1879233237781, 44.42128610507695)",7971,7385,7082,4337,5790,7639,3175,10674,10812,6145,10953,4189,13036,6244,7277,6343,8377,7941,8182,8389,6684,6724,14123,9681,0,0,0,0,0,0,0,0,0,0,0,0,0,2,0,0,0,0
bnakaran,d107962,555000.0,165.0,5.0,16.0,19.0,3.0,1,0,0,1,0,1,0,0,44.507462714233,40.182552051186,1,0,0,0,0,1,0,0,"(40.182552051186, 44.507462714233)",752,72,1127,9691,1659,3076,4681,3530,4427,5202,4677,5247,6274,2004,4570,1916,1131,1322,3107,4672,4161,5598,7548,4608,4,5,13,3,5,5,10,6,1,3,0,1,1,4,0,4,0,0
myrealty,142528,100000.0,77.0,3.0,9.0,9.0,1.0,0,1,0,1,1,1,1,1,44.47141904225626,40.14899286446672,0,0,1,0,0,0,1,0,"(40.14899286446672, 44.47141904225626)",5541,4899,5586,6038,3647,2571,5608,8046,5738,8260,9494,1909,10909,5691,1307,5696,5838,4254,3100,2478,964,920,12226,4037,0,0,0,1,1,0,0,0,1,2,0,0,0,1,0,0,0,0
myrealty,130516,290000.0,49.0,2.0,4.0,16.0,1.0,0,1,0,0,0,1,1,1,44.51959732658925,40.20241187184684,1,0,0,0,0,0,1,0,"(40.20241187184684, 44.51959732658925)",1864,2366,1698,11551,3703,5473,5403,2544,5968,4287,2519,7365,4532,2266,7006,2173,1801,3525,5420,7048,6591,8015,5652,6729,0,4,2,2,1,2,0,0,2,3,0,0,0,1,0,0,0,0
bnakaran,d115843,230000.0,98.0,3.0,4.0,7.0,3.0,1,0,0,1,0,1,0,0,44.496191082,40.207518025243,1,0,0,0,0,1,0,0,"(40.207518025243, 44.496191082)",2881,2898,1818,10187,3227,5806,3552,4598,7276,2381,4281,6453,6447,1161,7016,1180,3108,4258,5957,7391,6466,7733,7443,7528,1,0,0,1,1,0,0,1,0,0,0,0,0,0,0,3,0,0
bars,1-N-432,560000.0,156.4,4.0,9.0,17.0,2.0,0,1,1,0,1,1,0,1,44.583870697678144,40.21673211791397,0,1,0,0,1,0,0,0,"(40.21673211791397, 44.583870697678144)",6767,7453,7265,17145,9120,9832,11036,4122,8266,9098,3233,12767,1256,7951,11537,7858,6406,7918,9497,11098,11337,12795,257,10027,0,7,11,2,0,2,3,0,1,1,0,0,0,0,0,0,0,0
bars,4-3-1396,192000.0,67.0,3.0,7.0,14.0,1.0,0,1,0,0,1,1,0,1,44.499155086504345,40.19562050194883,0,1,0,0,1,0,0,0,"(40.19562050194883, 44.499155086504345)",1725,1585,573,9667,2049,4473,3656,4058,6020,3592,4411,5580,6392,490,5750,379,2048,2929,4611,6065,5231,6562,7540,6184,2,7,3,6,5,1,2,2,2,1,0,0,0,2,0,0,0,0
bars,1-3-2002,140000.0,100.0,4.0,4.0,5.0,1.0,0,0,0,0,1,0,0,0,44.514048989347714,40.1861605885798,0,0,0,1,0,1,0,0,"(40.1861605885798, 44.514048989347714)",90,619,1072,10356,2311,3609,5086,2877,4463,5177,4000,5932,5590,2117,5174,2011,495,1668,3557,5181,4798,6248,6861,4932,15,9,32,1,4,4,8,2,0,2,0,0,2,1,0,1,0,0
myrealty,129299,199000.0,66.0,2.0,5.0,14.0,1.0,1,1,0,1,0,1,1,1,44.457979422619005,40.17534841784899,1,0,0,0,0,0,1,0,"(40.17534841784899, 44.457979422619005)",4994,4334,4381,5515,2622,4238,2532,7790,7398,5557,8553,1805,10424,3895,4130,3958,5396,4627,4772,5146,3485,3999,11635,6312,5,2,9,0,2,4,1,0,0,1,0,0,0,0,0,0,0,0
bnakaran,d109414,114000.0,60.0,2.0,13.0,14.0,1.0,1,0,1,0,0,0,0,0,44.510423720058,40.180692384193,1,0,0,0,1,0,0,0,"(40.180692384193, 44.510423720058)",710,334,1400,9859,1874,2936,4992,3370,4111,5507,4658,5374,6162,2320,4492,2230,1011,1063,2914,4517,4123,5576,7453,4361,10,4,14,6,2,8,11,3,0,3,0,2,1,3,0,3,0,0
myrealty,138833,850000.0,143.0,3.0,5.0,15.0,2.0,1,0,0,0,0,0,0,0,44.51863665459219,40.17606564344017,1,0,0,0,0,0,1,0,"(40.17606564344017, 44.51863665459219)",1145,1192,2182,10380,2585,2767,5839,3030,3295,6316,4674,5826,5896,3162,4445,3067,1133,769,2578,4245,4191,5654,7219,3799,2,5,9,1,4,7,2,1,0,2,0,1,1,0,1,0,0,0
myrealty,140621,260000.0,250.0,3.0,1.0,3.0,2.0,1,0,0,0,0,0,0,0,44.50523170804844,40.19493042144863,1,0,0,0,0,1,0,0,"(40.19493042144863, 44.50523170804844)",1298,1340,285,10082,2264,4413,4176,3537,5680,3947,3987,5899,5915,1005,5800,894,1577,2701,4487,6014,5321,6700,7086,5995,1,0,1,2,4,3,0,0,0,0,0,0,1,0,0,0,0,0
bars,4-3-1331,125000.0,96.0,3.0,7.0,9.0,1.0,0,0,0,0,0,0,0,1,44.49091100920923,40.204181641463855,0,0,1,0,0,1,0,0,"(40.204181641463855, 44.49091100920923)",2881,2760,1741,9606,2796,5484,3022,4911,7201,2416,4784,5897,6920,809,6604,877,3169,4085,5682,7048,6033,7259,7953,7297,0,2,0,1,0,0,0,1,1,2,0,0,0,1,0,1,0,0
myrealty,131037,144000.0,99.0,4.0,5.0,5.0,1.0,0,1,0,1,0,1,1,0,44.51002309500625,40.20586486520793,0,0,0,1,1,0,0,0,"(40.20586486520793, 44.51002309500625)",2250,2541,1566,11047,3494,5669,4649,3443,6596,3397,3158,7042,5286,1680,7081,1614,2340,3856,5705,7269,6602,7973,6328,7144,2,4,4,7,6,5,5,0,5,1,0,0,0,2,0,2,0,0
bnakaran,d98282,160000.0,28.0,1.0,12.0,16.0,1.0,1,0,1,0,0,0,0,0,44.511343625301,40.179882450421,1,0,0,0,1,0,0,0,"(40.179882450421, 44.511343625301)",751,453,1512,9905,1946,2874,5100,3336,3992,5625,4677,5406,6144,2439,4450,2348,1010,965,2833,4448,4095,5552,7441,4261,8,3,17,6,3,8,9,3,0,2,0,1,1,3,0,3,0,0
myrealty,132443,165000.0,60.0,2.0,9.0,15.0,1.0,0,1,0,0,0,1,1,0,44.539173935967966,40.16188844717563,1,0,0,0,0,0,1,0,"(40.16188844717563, 44.539173935967966)",3372,3544,4497,11833,4714,3365,8114,3498,1233,8618,5653,7277,6028,5506,4909,5408,3162,2518,2839,4148,4974,6271,7327,2859,0,0,0,0,0,0,0,0,1,0,0,0,0,0,0,0,0,0
bnakaran,d117598,520000.0,156.0,4.0,9.0,17.0,2.0,1,0,1,0,0,0,0,0,44.522029968261,40.181842961416,1,0,0,0,1,0,0,0,"(40.181842961416, 44.522029968261)",749,1200,1900,10836,2868,3463,5873,2431,3737,5975,3974,6324,5273,2947,5129,2842,518,1448,3281,4949,4848,6313,6585,4454,9,6,13,3,4,10,5,0,0,0,2,0,4,1,0,0,0,0
bnakaran,d34210,52000.0,40.0,2.0,1.0,11.0,1.0,0,0,0,0,0,0,0,0,44.505500793457,40.180400848389,0,0,1,0,1,0,0,0,"(40.180400848389, 44.505500793457)",1025,363,1340,9453,1454,2812,4623,3769,4346,5333,4964,4986,6537,2120,4284,2042,1382,1167,2871,4411,3870,5306,7818,4410,9,11,18,5,3,5,7,2,0,2,1,1,1,2,0,1,0,0
bnakaran,d116789,85000.0,34.0,2.0,12.0,14.0,1.0,0,0,0,0,0,0,0,0,44.50984318518,40.206442360475,0,0,1,0,0,0,1,0,"(40.206442360475, 44.50984318518)",2316,2604,1623,11069,3541,5730,4647,3484,6661,3348,3158,7079,5296,1705,7138,1642,2405,3921,5768,7330,6657,8025,6328,7210,2,3,4,6,6,5,5,0,3,1,0,0,1,2,0,2,0,0
myrealty,141679,250000.0,100.0,3.0,15.0,17.0,2.0,0,1,0,1,0,1,1,0,44.5902935,40.18955105,1,0,0,0,0,0,1,0,"(40.18955105, 44.5902935)",6400,7028,7297,16649,8728,8522,11426,3712,6134,10318,4528,12086,2746,8242,10168,8133,5992,6942,8062,9469,10135,11515,3320,8112,0,3,0,1,0,1,1,0,2,1,0,0,0,0,0,0,0,0
bars,1-3-985,270000.0,120.0,4.0,5.0,5.0,1.0,0,0,0,0,1,0,0,0,44.5180200101794,40.18203709652422,0,0,0,1,0,1,0,0,"(40.18203709652422, 44.5180200101794)",506,859,1631,10519,2532,3315,5543,2721,3900,5746,4143,6021,5539,2664,4950,2561,490,1301,3187,4843,4636,6100,6841,4463,24,10,31,2,9,13,14,0,0,2,2,0,0,1,0,1,0,0
myrealty,124665,130000.0,84.0,3.0,3.0,12.0,1.0,0,0,0,0,0,0,0,0,44.51002309500625,40.20586486520793,0,0,1,0,1,0,0,0,"(40.20586486520793, 44.51002309500625)",2250,2541,1566,11047,3494,5669,4649,3443,6596,3397,3158,7042,5286,1680,7081,1614,2340,3856,5705,7269,6602,7973,6328,7144,2,4,4,7,6,5,5,0,5,1,0,0,0,2,0,2,0,0
myrealty,137984,155000.0,87.0,4.0,6.0,9.0,2.0,0,1,0,1,0,1,1,1,44.49633619872418,40.22328636163789,0,0,1,0,0,0,1,0,"(40.22328636163789, 44.49633619872418)",4441,4581,3499,11339,4958,7556,4410,5462,8833,1638,4401,7971,6597,2904,8759,2931,4581,5943,7692,9144,8199,9432,7340,9235,0,4,1,0,0,2,3,0,0,6,0,0,0,2,0,0,0,0
bars,1-3-2074,185000.0,85.0,3.0,8.0,9.0,1.0,0,0,0,0,1,0,0,1,44.51181945133735,40.183313571671,0,0,1,0,0,1,0,0,"(40.183313571671, 44.51181945133735)",407,326,1190,10067,2039,3249,4999,3152,4285,5325,4361,5612,5910,2178,4806,2080,757,1345,3216,4828,4430,5880,7191,4634,7,11,23,5,5,6,11,5,0,4,0,1,1,4,0,5,0,0
bnakaran,d116663,72000.0,60.0,2.0,4.0,17.0,1.0,1,0,0,0,0,0,0,0,44.499425457672,40.203549811596,1,0,0,0,0,0,1,0,"(40.203549811596, 44.499425457672)",2361,2391,1308,10154,2873,5354,3718,4196,6756,2892,4093,6260,6208,849,6621,824,2595,3754,5481,6947,6091,7397,7263,7034,4,16,11,3,3,0,3,2,0,2,0,1,0,1,0,1,0,0
bars,6-Z3-259,113000.0,55.0,3.0,5.0,5.0,1.0,0,1,0,0,0,1,0,0,44.53131187614989,40.2057431020302,0,0,0,1,1,0,0,0,"(40.2057431020302, 44.53131187614989)",2591,3207,2718,12602,4693,6179,6433,1948,6143,4998,1467,8370,3490,3324,7788,3232,2378,4168,6045,7707,7423,8871,4591,7188,1,5,7,1,1,5,3,1,1,3,1,0,1,1,1,12,0,0
bars,1-A-73,275000.0,125.0,4.0,4.0,6.0,2.0,1,0,0,0,0,0,0,0,44.51228432718437,40.19590302536037,0,1,0,0,0,1,0,0,"(40.19590302536037, 44.51228432718437)",1126,1473,768,10663,2754,4613,4767,2950,5501,4259,3417,6424,5310,1578,6098,1469,1256,2744,4612,6205,5662,7076,6491,6024,0,0,1,2,0,4,1,0,0,0,0,0,1,0,0,0,0,0
myrealty,138690,280000.0,85.0,3.0,9.0,15.0,1.0,0,1,0,0,0,1,0,1,44.505052000470215,40.183781674798254,0,0,1,0,0,0,1,0,"(40.183781674798254, 44.505052000470215)",887,262,962,9548,1502,3179,4441,3684,4660,4983,4730,5140,6390,1776,4619,1692,1288,1522,3249,4780,4182,5603,7651,4785,3,3,6,3,2,6,4,2,1,2,1,1,1,2,0,0,0,0
myrealty,127479,100000.0,65.0,3.0,1.0,12.0,1.0,0,0,0,0,0,0,0,0,44.51488777979646,40.16624129129846,0,0,1,0,1,0,0,0,"(40.16624129129846, 44.51488777979646)",2197,1959,3043,9843,2662,1717,6112,4009,2666,7098,5785,5262,6869,3885,3422,3807,2260,599,1451,3119,3264,4701,8201,2719,0,7,4,4,2,4,4,0,0,5,1,0,0,2,0,2,0,0
bars,4-3-1418,255000.0,110.0,3.0,2.0,5.0,2.0,0,1,0,0,0,1,0,1,44.50603348930943,40.19194689069822,0,1,0,0,1,0,0,0,"(40.19194689069822, 44.50603348930943)",1014,1002,144,9991,2066,4090,4284,3463,5360,4255,4102,5735,5953,1195,5503,1086,1338,2362,4153,5691,5040,6434,7155,5657,1,3,8,0,4,1,0,0,0,1,0,0,1,0,0,0,0,0
bars,4-3-936,65000.0,98.5,4.0,2.0,9.0,2.0,0,0,0,0,0,1,0,0,44.536055686499054,40.21881726936828,0,0,1,0,1,0,0,0,"(40.21881726936828, 44.536055686499054)",4060,4635,3976,13686,5987,7671,7160,3032,7567,5033,1114,9623,3211,4318,9258,4249,3876,5668,7550,9210,8868,10302,3951,8689,0,0,0,0,1,0,0,0,0,1,1,0,0,2,0,0,0,0
bnakaran,d108949,117000.0,84.0,3.0,4.0,5.0,1.0,0,0,0,1,0,0,0,0,44.469027287032,40.208844098202,0,0,0,1,1,0,0,0,"(40.208844098202, 44.469027287032)",4664,4378,3519,8568,3696,6516,1616,6840,8768,1731,6565,5645,8749,2466,7250,2574,4999,5561,6845,7945,6612,7575,9706,8527,12,6,8,5,7,0,4,1,1,6,0,0,0,3,0,0,0,0
bars,1-N-384,450000.0,123.0,3.0,3.0,15.0,2.0,0,0,0,0,1,1,0,1,44.50439786901182,40.18091474247,0,1,0,0,1,0,0,0,"(40.18091474247, 44.50439786901182)",1069,387,1280,9384,1368,2856,4514,3836,4450,5240,4990,4931,6590,2027,4301,1951,1441,1264,2934,4457,3874,5303,7866,4489,9,8,15,2,1,5,5,2,0,2,0,1,1,1,0,1,0,0
bars,1-T-8,1250000.0,197.0,5.0,5.0,12.0,2.0,0,1,0,1,1,1,0,1,44.52381655212627,40.19066524195801,0,1,0,0,1,0,0,0,"(40.19066524195801, 44.52381655212627)",904,1588,1655,11312,3267,4393,5799,1965,4614,5369,3079,6901,4623,2653,6023,2542,597,2377,4252,5914,5691,7151,5892,5444,0,2,8,1,0,5,6,0,0,0,0,0,18,1,0,5,0,0
bnakaran,d47261,112000.0,80.0,3.0,10.0,10.0,1.0,1,0,0,0,0,0,0,0,44.515598297119,40.179401397705,1,0,0,0,1,0,0,0,"(40.179401397705, 44.515598297119)",735,763,1730,10234,2305,2961,5453,3040,3746,5865,4501,5715,5875,2714,4592,2618,840,955,2849,4498,4280,5744,7182,4174,10,6,15,2,7,10,14,1,0,2,0,0,0,2,0,0,0,0
bnakaran,d116501,252000.0,140.0,4.0,5.0,17.0,2.0,1,0,0,0,0,0,0,0,44.526193846557,40.177521698216,1,0,0,0,0,0,1,0,"(40.177521698216, 44.526193846557)",1333,1664,2481,11042,3210,3289,6367,2439,3161,6571,4239,6487,5307,3519,4989,3416,1105,1382,3018,4679,4781,6238,6636,4021,0,1,5,0,0,4,1,0,1,5,0,0,3,1,0,0,0,0
myrealty,128722,830000.0,160.0,4.0,7.0,9.0,2.0,1,1,1,1,0,1,1,1,44.51467793334746,40.18220208362412,1,0,0,0,0,0,1,0,"(40.18220208362412, 44.51467793334746)",423,576,1430,10255,2253,3214,5269,2971,4053,5564,4298,5772,5767,2438,4815,2338,628,1239,3134,4771,4472,5931,7060,4490,20,6,25,4,7,9,10,3,0,3,0,1,1,2,0,2,0,0
bnakaran,d104602,1350000.0,300.0,7.0,5.0,8.0,3.0,1,0,1,0,0,0,0,0,44.515745375669,40.177079549986,1,0,0,0,0,0,1,0,"(40.177079549986, 44.515745375669)",993,936,1957,10173,2328,2736,5568,3164,3522,6087,4707,5632,6018,2916,4386,2823,1074,718,2603,4258,4097,5562,7333,3916,5,8,16,0,7,11,9,0,0,4,0,1,0,0,1,0,0,0
bnakaran,d112858,38250.0,45.0,2.0,9.0,11.0,1.0,0,0,0,0,0,0,0,0,44.510732,40.181363,0,0,1,0,1,0,0,0,"(40.181363, 44.510732)",634,299,1340,9908,1908,3015,4988,3316,4156,5457,4585,5431,6100,2278,4571,2186,946,1134,2990,4596,4199,5651,7389,4431,9,6,16,6,5,7,11,3,0,3,0,2,1,5,0,3,0,0
bnakaran,d113620,114400.0,88.0,3.0,8.0,14.0,1.0,1,0,1,0,0,0,0,0,44.511082,40.179372,1,0,0,0,1,0,0,0,"(40.179372, 44.511082)",811,487,1557,9866,1922,2813,5102,3381,3959,5662,4735,5362,6194,2471,4390,2382,1066,911,2774,4387,4036,5494,7492,4207,8,3,16,6,3,8,7,3,0,1,0,2,1,3,0,2,0,0
bnakaran,d108749,660000.0,220.0,4.0,8.0,8.0,2.0,1,0,1,1,0,0,0,0,44.514398423279,40.182277352187,1,0,0,0,1,0,0,0,"(40.182277352187, 44.514398423279)",418,551,1409,10236,2231,3213,5244,2990,4072,5543,4307,5755,5782,2415,4810,2316,639,1244,3138,4773,4464,5923,7075,4500,19,7,22,4,5,9,9,3,0,3,0,1,1,2,0,2,0,0
bars,2-1-44,70000.0,45.0,1.0,3.0,4.0,1.0,0,1,0,1,0,1,0,0,44.49588581289186,40.17851819863655,0,0,0,1,1,0,0,0,"(40.17851819863655, 44.49588581289186)",1831,1145,1709,8613,634,2600,4009,4606,4781,5215,5700,4171,7352,2089,3832,2049,2211,1603,2826,4170,3334,4712,8620,4484,1,1,0,0,0,6,0,1,0,0,0,0,0,0,0,0,0,0
myrealty,138685,190000.0,83.0,3.0,10.0,15.0,1.0,0,0,0,0,1,1,1,1,44.50759201950419,40.19012669592037,0,0,1,0,1,0,0,0,"(40.19012669592037, 44.50759201950419)",785,786,369,10024,2035,3908,4451,3342,5118,4497,4112,5715,5901,1414,5355,1308,1131,2138,3950,5507,4910,6320,7124,5435,3,3,8,1,2,1,0,0,0,1,0,0,2,0,0,1,0,0
myrealty,135775,290000.0,50.0,2.0,4.0,17.0,1.0,1,1,0,1,0,1,1,1,44.51959732658925,40.20241187184684,1,0,0,0,0,0,1,0,"(40.20241187184684, 44.51959732658925)",1864,2366,1698,11551,3703,5473,5403,2544,5968,4287,2519,7365,4532,2266,7006,2173,1801,3525,5420,7048,6591,8015,5652,6729,0,4,2,2,1,2,0,0,2,3,0,0,0,1,0,0,0,0
myrealty,132354,356999.99999999994,155.0,5.0,11.0,14.0,3.0,1,0,1,0,0,0,0,1,44.48023076128606,40.14596510603376,1,0,0,0,0,1,0,0,"(40.14596510603376, 44.48023076128606)",5347,4751,5561,6813,3750,2016,6143,7688,5015,8587,9277,2715,10557,5816,491,5805,5601,3905,2481,1659,523,992,11885,3242,0,0,0,1,1,1,0,0,0,1,0,0,0,2,0,0,0,0
myrealty,108292,275000.0,124.0,4.0,9.0,16.0,2.0,1,1,0,1,0,1,1,1,44.539173935967966,40.16188844717563,1,0,0,0,0,0,1,0,"(40.16188844717563, 44.539173935967966)",3372,3544,4497,11833,4714,3365,8114,3498,1233,8618,5653,7277,6028,5506,4909,5408,3162,2518,2839,4148,4974,6271,7327,2859,0,0,0,0,0,0,0,0,1,0,0,0,0,0,0,0,0,0
bnakaran,d116472,135000.0,46.0,2.0,10.0,11.0,1.0,0,0,1,1,0,1,0,0,44.511538051724,40.182406197771,0,0,1,0,0,0,0,1,"(40.182406197771, 44.511538051724)",500,310,1266,10011,1994,3146,5010,3210,4213,5396,4452,5544,5982,2235,4705,2139,825,1245,3113,4724,4333,5785,7267,4537,10,11,17,6,5,6,11,5,0,3,0,1,1,5,0,4,0,0
bnakaran,d117853,80000.0,38.0,1.0,3.0,5.0,1.0,0,0,0,0,0,0,0,0,44.500426626983,40.18417750346,0,0,0,1,1,0,0,0,"(40.18417750346, 44.500426626983)",1262,654,979,9200,1162,3199,4059,4053,4945,4768,4999,4835,6724,1558,4537,1491,1668,1752,3337,4795,4059,5448,7971,4932,0,0,5,0,0,9,0,1,0,1,1,0,0,0,0,4,0,0
bnakaran,d117616,129000.0,80.0,3.0,4.0,9.0,1.0,0,0,0,1,0,0,0,0,44.569219433178,40.185741262593,0,0,1,0,1,0,0,0,"(40.185741262593, 44.569219433178)",4598,5209,5550,14810,6900,6744,9694,2061,4661,8865,3555,10249,2701,6534,8413,6423,4191,5108,6308,7785,8346,9748,3850,6535,0,0,0,1,3,0,0,0,1,1,0,0,0,1,0,0,0,0
myrealty,120867,190000.0000000001,90.0,3.0,4.0,13.0,1.0,0,1,0,1,0,1,1,1,44.506034062524215,40.093219317598425,0,0,1,0,0,0,1,0,"(40.093219317598425, 44.506034062524215)",10345,9991,11032,11121,9665,6930,12404,11603,6985,14657,13690,8609,14139,11613,5999,11571,10407,8688,6826,5357,6651,6074,15408,5507,0,0,0,0,0,0,0,0,0,0,0,0,0,0,0,0,0,0
bars,1-3-2007,470000.0,158.8,4.0,9.0,9.0,2.0,0,0,0,0,0,0,0,0,44.583870697678144,40.21673211791397,0,1,0,0,1,0,0,0,"(40.21673211791397, 44.583870697678144)",6767,7453,7265,17145,9120,9832,11036,4122,8266,9098,3233,12767,1256,7951,11537,7858,6406,7918,9497,11098,11337,12795,257,10027,0,7,11,2,0,2,3,0,1,1,0,0,0,0,0,0,0,0
myrealty,142112,360000.0,103.0,3.0,9.0,12.0,1.0,1,1,0,1,0,1,1,1,44.499155086504345,40.19562050194883,1,0,0,0,0,0,1,0,"(40.19562050194883, 44.499155086504345)",1725,1585,573,9667,2049,4473,3656,4058,6020,3592,4411,5580,6392,490,5750,379,2048,2929,4611,6065,5231,6562,7540,6184,2,7,3,6,5,1,2,2,2,1,0,0,0,2,0,0,0,0
myrealty,136414,425000.0,116.0,3.0,3.0,16.0,2.0,1,0,1,1,0,1,1,1,44.4972968,40.20489739999999,1,0,0,0,0,0,1,0,"(40.20489739999999, 44.4972968)",2588,2592,1513,10091,2965,5510,3569,4413,6976,2661,4236,6269,6372,902,6740,905,2827,3952,5654,7098,6197,7482,7406,7222,3,5,3,2,2,0,1,1,0,2,0,1,0,0,0,1,0,0
bars,4-3-1276,378000.0,158.0,4.0,12.0,15.0,3.0,0,1,0,0,1,1,0,1,44.499155086504345,40.19562050194883,0,1,0,0,1,0,0,0,"(40.19562050194883, 44.499155086504345)",1725,1585,573,9667,2049,4473,3656,4058,6020,3592,4411,5580,6392,490,5750,379,2048,2929,4611,6065,5231,6562,7540,6184,2,7,3,6,5,1,2,2,2,1,0,0,0,2,0,0,0,0
bnakaran,d79133,50000.0,50.0,2.0,3.0,6.0,1.0,0,0,0,0,0,0,0,0,44.51726751,40.18237769,0,1,0,0,0,0,1,0,"(40.18237769, 44.51726751)",443,791,1559,10470,2474,3321,5470,2763,3963,5677,4149,5979,5571,2590,4947,2487,480,1314,3205,4857,4624,6087,6870,4501,24,7,33,1,8,11,14,0,0,1,2,0,0,1,0,1,0,0
bnakaran,d117262,140000.00000000003,74.0,2.0,2.0,3.0,1.0,0,0,0,1,0,0,0,0,44.520254779099,40.208670001255,0,1,0,0,1,0,0,0,"(40.208670001255, 44.520254779099)",2558,3032,2249,11949,4254,6156,5563,2861,6626,4007,2242,7874,4400,2582,7668,2507,2497,4220,6113,7737,7235,8645,5412,7426,1,5,8,0,1,4,7,2,3,3,0,0,0,1,0,1,0,0
myrealty,142480,860000.0,120.0,3.0,6.0,10.0,2.0,0,1,0,1,0,0,1,1,44.51151209195476,40.17739277146087,1,0,0,0,0,0,1,0,"(40.17739277146087, 44.51151209195476)",1004,697,1776,9837,1967,2618,5229,3452,3762,5871,4886,5309,6287,2671,4218,2585,1211,688,2560,4183,3885,5348,7594,3984,5,1,15,3,2,12,10,1,0,3,0,0,0,1,0,0,0,0
myrealty,136972,225000.0,91.0,3.0,1.0,7.0,2.0,1,1,1,1,0,1,1,1,44.47934247499251,40.15066008382748,1,0,0,0,0,0,1,0,"(40.15066008382748, 44.47934247499251)",4966,4347,5111,6703,3255,1873,5626,7403,5061,8064,8914,2396,10270,5322,844,5315,5243,3606,2404,1958,282,1322,11592,3427,11,7,6,2,3,1,8,1,0,3,0,0,0,3,0,0,0,0
myrealty,128007,470000.0,150.0,3.0,4.0,5.0,1.0,0,0,0,0,0,0,0,0,44.5180200101794,40.18203709652422,0,0,0,1,0,0,1,0,"(40.18203709652422, 44.5180200101794)",506,859,1631,10519,2532,3315,5543,2721,3900,5746,4143,6021,5539,2664,4950,2561,490,1301,3187,4843,4636,6100,6841,4463,24,10,31,2,9,13,14,0,0,2,2,0,0,1,0,1,0,0
bnakaran,d116692,162000.0,90.0,2.0,6.0,19.0,1.0,1,0,0,0,0,1,0,0,44.507678,40.184684,1,0,0,0,0,0,1,0,"(40.184684, 44.507678)",646,182,903,9792,1746,3312,4616,3443,4608,5007,4498,5383,6146,1828,4795,1735,1050,1545,3345,4909,4376,5806,7408,4837,4,7,10,4,5,8,6,5,1,3,2,0,2,2,0,4,0,0
myrealty,138644,210000.0,60.0,2.0,5.0,10.0,2.0,0,0,0,0,0,0,0,0,44.5180200101794,40.18203709652422,0,0,1,0,0,0,1,0,"(40.18203709652422, 44.5180200101794)",506,859,1631,10519,2532,3315,5543,2721,3900,5746,4143,6021,5539,2664,4950,2561,490,1301,3187,4843,4636,6100,6841,4463,24,10,31,2,9,13,14,0,0,2,2,0,0,1,0,1,0,0
bnakaran,d63940,820000.0,222.0,4.0,8.0,16.0,4.0,1,0,0,1,0,0,0,0,44.52157246,40.18153547,1,0,0,0,0,0,1,0,"(40.18153547, 44.52157246)",741,1166,1892,10789,2826,3413,5847,2482,3721,5977,4023,6275,5325,2936,5078,2831,539,1397,3235,4902,4797,6262,6637,4417,10,6,15,3,4,9,8,0,0,1,0,0,1,1,0,0,0,0
myrealty,138155,2100000.0,315.0,5.0,5.0,10.0,4.0,1,1,1,1,0,1,1,1,44.51467793334746,40.18220208362412,1,0,0,0,0,0,1,0,"(40.18220208362412, 44.51467793334746)",423,576,1430,10255,2253,3214,5269,2971,4053,5564,4298,5772,5767,2438,4815,2338,628,1239,3134,4771,4472,5931,7060,4490,20,6,25,4,7,9,10,3,0,3,0,1,1,2,0,2,0,0
bnakaran,d116409,200000.0,98.0,3.0,5.0,5.0,1.0,0,0,0,1,0,0,0,0,44.527029134918,40.175793145482,0,0,0,1,1,0,0,0,"(40.175793145482, 44.527029134918)",1522,1808,2664,11064,3297,3197,6504,2529,2956,6765,4389,6498,5388,3696,4902,3594,1307,1361,2898,4551,4719,6168,6720,3846,0,1,1,0,0,1,1,0,1,5,0,0,3,0,0,1,0,0
myrealty,142489,355000.0,106.0,3.0,5.0,5.0,2.0,0,0,0,0,0,0,0,0,44.51181945133735,40.183313571671,0,0,0,1,0,0,1,0,"(40.183313571671, 44.51181945133735)",407,326,1190,10067,2039,3249,4999,3152,4285,5325,4361,5612,5910,2178,4806,2080,757,1345,3216,4828,4430,5880,7191,4634,7,11,23,5,5,6,11,5,0,4,0,1,1,4,0,5,0,0
myrealty,123218,165000.0,94.0,3.0,3.0,11.0,1.0,0,0,0,0,0,0,0,0,44.51488777979646,40.16624129129846,0,0,1,0,1,0,0,0,"(40.16624129129846, 44.51488777979646)",2197,1959,3043,9843,2662,1717,6112,4009,2666,7098,5785,5262,6869,3885,3422,3807,2260,599,1451,3119,3264,4701,8201,2719,0,7,4,4,2,4,4,0,0,5,1,0,0,2,0,2,0,0
myrealty,139827,490000.00000000006,106.0,3.0,3.0,16.0,2.0,1,1,1,1,0,1,1,1,44.50439786901182,40.18091474247,1,0,0,0,0,0,1,0,"(40.18091474247, 44.50439786901182)",1069,387,1280,9384,1368,2856,4514,3836,4450,5240,4990,4931,6590,2027,4301,1951,1441,1264,2934,4457,3874,5303,7866,4489,9,8,15,2,1,5,5,2,0,2,0,1,1,1,0,1,0,0
bnakaran,d117102,2325000.0,300.0,5.0,9.0,10.0,4.0,1,0,0,0,0,0,0,0,44.514784661376,40.181182883197,1,0,0,0,0,0,1,0,"(40.181182883197, 44.514784661376)",536,613,1527,10228,2248,3113,5316,3010,3951,5662,4382,5732,5820,2524,4723,2425,707,1129,3025,4665,4388,5849,7119,4376,18,5,19,3,4,8,15,3,0,3,0,1,1,1,0,1,0,0
myrealty,138455,118000.0,80.0,3.0,6.0,9.0,1.0,0,1,0,0,0,1,0,1,44.4972968,40.20489739999999,0,0,1,0,0,0,1,0,"(40.20489739999999, 44.4972968)",2588,2592,1513,10091,2965,5510,3569,4413,6976,2661,4236,6269,6372,902,6740,905,2827,3952,5654,7098,6197,7482,7406,7222,3,5,3,2,2,0,1,1,0,2,0,1,0,0,0,1,0,0
myrealty,139275,137000.0,62.0,2.0,9.0,14.0,1.0,1,0,1,0,0,1,0,1,44.50777117033231,40.21015348895229,1,0,0,0,0,1,0,0,"(40.21015348895229, 44.50777117033231)",2756,3012,1990,11154,3822,6119,4578,3834,7109,2983,3273,7276,5458,1863,7489,1824,2854,4345,6177,7720,6990,8334,6425,7639,0,1,0,2,1,2,0,1,0,3,0,0,1,1,0,0,0,0
myrealty,135626,183500.0,83.0,3.0,2.0,8.0,1.0,1,1,0,1,0,0,0,0,44.48439985,40.14520375,1,0,0,0,0,0,1,0,"(40.14520375, 44.48439985)",5232,4662,5521,7174,3784,1776,6348,7491,4673,8690,9136,3060,10357,5840,127,5823,5466,3733,2198,1297,585,1260,11687,2879,3,8,6,2,6,3,0,0,0,5,0,0,0,2,0,0,0,0
bnakaran,d107338,299000.0,130.0,3.0,9.0,12.0,2.0,1,0,0,0,0,0,0,0,44.51455935582,40.182533680913,1,0,0,0,1,0,0,0,"(40.182533680913, 44.51455935582)",388,561,1395,10258,2249,3245,5247,2966,4090,5528,4276,5780,5755,2406,4842,2305,609,1274,3168,4804,4495,5953,7047,4527,17,6,26,4,6,8,10,2,0,2,0,1,1,2,0,2,0,0
myrealty,138934,180000.0,80.0,3.0,4.0,16.0,1.0,1,1,0,1,0,1,1,0,44.4567380668362,40.166016462777485,1,0,0,0,0,0,1,0,"(40.166016462777485, 44.4567380668362)",5432,4749,5006,5016,3062,3900,3565,8210,7184,6583,9187,776,10945,4685,3409,4733,5816,4745,4468,4516,2810,3054,12196,5856,0,0,0,1,1,0,0,0,1,2,0,0,0,0,0,0,0,0
myrealty,136787,255000.0,53.0,2.0,5.0,20.0,1.0,1,0,0,0,0,0,0,0,44.51863665459219,40.17606564344017,1,0,0,0,0,0,1,0,"(40.17606564344017, 44.51863665459219)",1145,1192,2182,10380,2585,2767,5839,3030,3295,6316,4674,5826,5896,3162,4445,3067,1133,769,2578,4245,4191,5654,7219,3799,2,5,9,1,4,7,2,1,0,2,0,1,1,0,1,0,0,0
bars,1-N-185,320000.00000000006,210.0,4.0,5.0,7.0,3.0,0,1,0,1,1,1,0,0,44.50948029563954,40.17885352616499,0,1,0,0,1,0,0,0,"(40.17885352616499, 44.50948029563954)",926,484,1568,9719,1786,2717,5003,3528,3997,5644,4866,5214,6339,2441,4274,2356,1204,879,2703,4300,3909,5365,7636,4172,8,5,23,5,1,10,6,2,0,1,1,1,1,3,0,0,0,0
myrealty,139052,205000.0,97.0,3.0,10.0,18.0,2.0,1,0,1,0,0,0,0,1,44.53131187614989,40.2057431020302,1,0,0,0,0,1,0,0,"(40.2057431020302, 44.53131187614989)",2591,3207,2718,12602,4693,6179,6433,1948,6143,4998,1467,8370,3490,3324,7788,3232,2378,4168,6045,7707,7423,8871,4591,7188,1,5,7,1,1,5,3,1,1,3,1,0,1,1,1,12,0,0
myrealty,132575,510000.0,123.0,4.0,5.0,11.0,2.0,1,1,0,1,0,1,1,1,44.51548071604492,40.19013906690871,1,0,0,0,0,0,1,0,"(40.19013906690871, 44.51548071604492)",461,1012,970,10637,2602,4067,5109,2675,4805,4913,3600,6267,5284,2005,5623,1894,574,2122,4014,5640,5236,6679,6531,5368,9,4,12,0,1,1,5,1,0,2,0,0,1,3,0,0,0,0
bars,1-B-96,280000.00000000006,73.0,3.0,3.0,10.0,2.0,0,0,0,0,1,1,0,1,44.51863665459219,40.17606564344017,0,1,0,0,1,0,0,0,"(40.17606564344017, 44.51863665459219)",1145,1192,2182,10380,2585,2767,5839,3030,3295,6316,4674,5826,5896,3162,4445,3067,1133,769,2578,4245,4191,5654,7219,3799,2,5,9,1,4,7,2,1,0,2,0,1,1,0,1,0,0,0
bars,1-N-394,145000.00000000006,79.0,3.0,5.0,5.0,2.0,0,1,0,1,0,1,0,0,44.5180200101794,40.18203709652422,0,1,0,0,1,0,0,0,"(40.18203709652422, 44.5180200101794)",506,859,1631,10519,2532,3315,5543,2721,3900,5746,4143,6021,5539,2664,4950,2561,490,1301,3187,4843,4636,6100,6841,4463,24,10,31,2,9,13,14,0,0,2,2,0,0,1,0,1,0,0
bnakaran,d116762,230000.0,39.0,2.0,3.0,22.0,1.0,1,0,0,1,0,0,0,0,44.509842,40.18046,1,0,0,0,1,0,0,0,"(40.18046, 44.509842)",760,329,1407,9804,1822,2897,4957,3425,4119,5504,4710,5318,6217,2311,4447,2222,1066,1046,2884,4481,4073,5525,7508,4343,9,7,17,6,2,7,8,3,0,3,0,2,1,4,0,3,0,0
bnakaran,d72996,240000.0,120.0,3.0,6.0,10.0,1.0,1,0,1,0,0,0,0,0,44.514863491058,40.180512733596,1,0,0,0,1,0,0,0,"(40.180512733596, 44.514863491058)",610,648,1592,10211,2248,3047,5349,3037,3884,5727,4437,5707,5856,2582,4663,2484,763,1058,2954,4596,4334,5796,7158,4301,17,5,18,3,3,10,14,2,0,3,0,1,1,1,0,1,0,0
myrealty,124908,210000.0,90.0,3.0,1.0,12.0,1.0,0,0,0,0,0,0,0,0,44.50449735,40.1832187,0,0,1,0,1,0,0,0,"(40.1832187, 44.50449735)",951,297,1024,9481,1437,3111,4420,3747,4641,5016,4807,5067,6461,1805,4544,1724,1348,1484,3189,4712,4105,5525,7724,4735,4,1,7,3,1,6,4,3,1,2,1,1,1,1,0,0,0,0
bars,4-3-1370,132000.0,75.0,2.0,2.0,5.0,1.0,0,0,0,0,0,1,0,0,44.52473536231635,40.20625843913501,0,0,0,1,0,1,0,0,"(40.20625843913501, 44.52473536231635)",2396,2945,2308,12140,4314,6018,5888,2396,6283,4464,1948,7974,4038,2813,7578,2727,2266,4039,5934,7579,7177,8608,5107,7179,0,1,5,1,1,8,4,0,2,0,2,1,0,3,0,0,0,0
myrealty,128740,189000.0,90.0,3.0,4.0,14.0,1.0,1,0,0,0,0,0,0,0,44.509269992836,40.20967865714541,1,0,0,0,0,1,0,0,"(40.20967865714541, 44.509269992836)",2678,2961,1960,11229,3832,6081,4685,3697,7014,3120,3151,7317,5331,1908,7471,1862,2760,4283,6126,7681,6980,8334,6308,7573,0,2,1,2,1,2,3,1,0,3,0,0,1,1,0,1,0,0
bnakaran,d114614,240000.0,72.0,3.0,3.0,4.0,2.0,0,0,0,0,0,0,0,0,44.491717560729,40.197362457492,0,0,0,1,0,0,1,0,"(40.197362457492, 44.491717560729)",2353,2107,1213,9228,2049,4725,3015,4704,6548,3127,4921,5315,6964,175,5853,285,2694,3386,4932,6287,5290,6543,8077,6559,17,10,18,2,10,2,5,0,0,1,0,0,1,0,0,1,0,0
bars,1-3-1578,165000.0,97.0,4.0,5.0,5.0,2.0,0,0,0,0,0,1,0,0,44.5273774,40.17699785,0,1,0,0,1,0,0,0,"(40.17699785, 44.5273774)",1446,1779,2595,11125,3314,3314,6482,2410,3073,6680,4253,6565,5274,3634,5017,3530,1206,1442,3025,4680,4823,6276,6605,3983,0,1,2,0,0,4,1,0,1,5,0,0,3,1,0,0,0,0
bnakaran,d117282,360000.0,51.0,3.0,4.0,9.0,1.0,1,0,0,0,0,0,0,0,44.514605931097,40.179286390586,1,0,0,0,1,0,0,0,"(40.179286390586, 44.514605931097)",747,701,1696,10149,2221,2914,5381,3120,3780,5829,4560,5632,5951,2667,4536,2572,891,920,2816,4460,4215,5679,7257,4167,11,5,17,3,5,10,13,3,0,1,0,0,1,1,0,1,0,0
bnakaran,d114379,480000.0,175.0,4.0,10.0,11.0,3.0,1,0,0,1,0,0,0,0,44.506465508565,40.198746553231,1,0,0,0,0,0,1,0,"(40.198746553231, 44.506465508565)",1595,1749,722,10379,2666,4846,4267,3488,6001,3689,3702,6265,5707,1090,6236,991,1800,3098,4908,6447,5755,7128,6839,6396,1,0,0,0,1,2,0,0,2,1,0,0,0,0,0,0,0,0
myrealty,131535,150000.0,70.0,2.0,14.0,14.0,1.0,0,0,0,0,0,0,0,0,44.51344849450384,40.1767382062846,0,0,1,0,0,0,1,0,"(40.1767382062846, 44.51344849450384)",1039,842,1904,9975,2139,2615,5408,3349,3605,6017,4848,5436,6197,2826,4245,2737,1186,623,2518,4160,3937,5401,7509,3893,3,3,19,1,4,13,10,0,0,3,0,0,1,0,1,0,0,0
bars,4-3-1328,168000.0,100.0,3.0,8.0,14.0,2.0,0,0,0,0,1,0,0,1,44.5046635,40.21198605,0,1,0,0,1,0,0,0,"(40.21198605, 44.5046635)",3022,3228,2174,11061,3907,6301,4394,4164,7399,2654,3527,7275,5726,1882,7627,1862,3143,4577,6384,7901,7110,8429,6660,7875,0,1,1,1,0,1,0,0,0,2,1,0,1,0,0,0,0,0
myrealty,141372,275000.0,110.0,4.0,14.0,14.0,2.0,1,1,0,1,0,1,1,1,44.489355959454166,40.21403837276494,1,0,0,0,0,0,1,0,"(40.21403837276494, 44.489355959454166)",3807,3790,2723,10203,3885,6588,3326,5418,8195,1456,4830,6786,7036,1905,7691,1961,4036,5140,6779,8152,7110,8302,7934,8382,0,1,0,0,0,3,0,1,6,0,1,0,0,1,0,0,0,0
bars,1-3-1954,300000.0,106.0,4.0,3.0,4.0,1.0,0,0,0,0,1,0,0,0,44.50603348930943,40.19194689069822,0,1,0,0,1,0,0,0,"(40.19194689069822, 44.50603348930943)",1014,1002,144,9991,2066,4090,4284,3463,5360,4255,4102,5735,5953,1195,5503,1086,1338,2362,4153,5691,5040,6434,7155,5657,1,3,8,0,4,1,0,0,0,1,0,0,1,0,0,0,0,0
bars,1-B-119,900000.0,142.0,3.0,14.0,3.0,2.0,0,0,0,1,0,1,0,1,44.51863665459219,40.17606564344017,0,1,0,0,1,0,0,0,"(40.17606564344017, 44.51863665459219)",1145,1192,2182,10380,2585,2767,5839,3030,3295,6316,4674,5826,5896,3162,4445,3067,1133,769,2578,4245,4191,5654,7219,3799,2,5,9,1,4,7,2,1,0,2,0,1,1,0,1,0,0,0
myrealty,138135,150000.0,57.0,2.0,13.0,16.0,1.0,0,0,0,0,0,0,0,1,44.493826561382456,40.140887872078665,1,0,0,0,0,1,0,0,"(40.140887872078665, 44.493826561382456)",5331,4841,5802,8033,4273,1710,7116,7320,3986,9258,9116,3994,10155,6266,812,6233,5504,3715,1899,412,1413,1959,11488,2057,0,0,0,3,0,1,0,0,2,0,0,0,0,0,0,0,0,0
bnakaran,d117456,141600.0,118.0,4.0,11.0,16.0,2.0,1,0,0,1,0,0,0,0,44.521179320264,40.213556209765,1,0,0,0,1,0,0,0,"(40.213556209765, 44.521179320264)",3107,3571,2744,12308,4733,6701,5777,3170,7138,3896,2128,8314,4338,2950,8201,2888,3042,4769,6662,8283,7759,9160,5247,7972,2,1,2,0,0,4,2,0,1,1,0,0,0,0,0,2,0,0
myrealty,122663,180000.0,98.0,3.0,14.0,16.0,1.0,0,0,0,0,0,0,0,0,44.52003469603711,40.17296185385123,0,0,1,0,1,0,0,0,"(40.17296185385123, 44.52003469603711)",1509,1519,2537,10414,2768,2563,6097,3168,2939,6670,4921,5841,6035,3501,4261,3408,1473,695,2316,3984,4056,5510,7364,3458,3,5,10,5,2,7,0,0,3,5,1,1,2,0,0,0,0,0
bars,1-N-278,630000.0,225.0,4.0,6.0,15.0,4.0,1,0,0,0,0,0,0,0,44.51642634119875,40.18161375666288,0,1,0,0,0,1,0,0,"(40.18161375666288, 44.51642634119875)",500,734,1574,10375,2392,3213,5431,2864,3922,5703,4260,5879,5678,2592,4837,2491,589,1210,3104,4754,4513,5976,6978,4417,20,5,31,3,6,10,20,0,0,2,2,0,0,1,0,0,0,0
bars,6-D3-195,160000.0,68.0,3.0,5.0,5.0,1.0,0,0,0,0,0,1,0,1,44.49633619872418,40.22328636163789,0,1,0,0,1,0,0,0,"(40.22328636163789, 44.49633619872418)",4441,4581,3499,11339,4958,7556,4410,5462,8833,1638,4401,7971,6597,2904,8759,2931,4581,5943,7692,9144,8199,9432,7340,9235,0,4,1,0,0,2,3,0,0,6,0,0,0,2,0,0,0,0
bars,1-3-2108,697000.0,110.0,4.0,3.0,6.0,1.0,0,0,0,1,1,1,0,0,44.5215976,40.18607885,0,1,0,0,1,0,0,0,"(40.18607885, 44.5215976)",552,1203,1617,10953,2920,3853,5710,2267,4189,5596,3600,6491,5039,2668,5493,2559,146,1836,3708,5370,5176,6638,6331,4921,10,7,25,2,3,3,9,0,0,3,2,0,4,1,0,4,0,0
bars,6-Ach3-124,115000.0,76.0,3.0,3.0,5.0,1.0,0,0,0,0,0,0,0,0,44.4684631,40.199323,0,0,0,1,1,0,0,0,"(40.199323, 44.4684631)",4228,3813,3152,7789,2818,5590,1048,6692,8057,2748,6761,4608,8875,2162,6227,2272,4604,4852,5960,6967,5583,6518,9931,7647,1,0,0,2,7,0,0,0,0,1,0,0,0,0,0,0,0,0
myrealty,138543,115000.0,68.0,2.0,3.0,10.0,1.0,0,0,0,0,0,1,0,0,44.52473536231635,40.20625843913501,0,0,1,0,1,0,0,0,"(40.20625843913501, 44.52473536231635)",2396,2945,2308,12140,4314,6018,5888,2396,6283,4464,1948,7974,4038,2813,7578,2727,2266,4039,5934,7579,7177,8608,5107,7179,0,1,5,1,1,8,4,0,2,0,2,1,0,3,0,0,0,0
myrealty,139104,117000.0,62.0,2.0,2.0,5.0,1.0,0,0,0,0,0,0,1,0,44.51344849450384,40.1767382062846,0,0,0,1,1,0,0,0,"(40.1767382062846, 44.51344849450384)",1039,842,1904,9975,2139,2615,5408,3349,3605,6017,4848,5436,6197,2826,4245,2737,1186,623,2518,4160,3937,5401,7509,3893,3,3,19,1,4,13,10,0,0,3,0,0,1,0,1,0,0,0
myrealty,132270,96000.0,40.0,2.0,4.0,4.0,1.0,0,0,0,0,0,0,0,0,44.52473536231635,40.20625843913501,0,0,0,1,0,0,1,0,"(40.20625843913501, 44.52473536231635)",2396,2945,2308,12140,4314,6018,5888,2396,6283,4464,1948,7974,4038,2813,7578,2727,2266,4039,5934,7579,7177,8608,5107,7179,0,1,5,1,1,8,4,0,2,0,2,1,0,3,0,0,0,0
myrealty,127999,185000.0,83.0,3.0,2.0,9.0,2.0,1,0,1,1,1,0,1,1,44.48439985,40.14520375,1,0,0,0,0,0,1,0,"(40.14520375, 44.48439985)",5232,4662,5521,7174,3784,1776,6348,7491,4673,8690,9136,3060,10357,5840,127,5823,5466,3733,2198,1297,585,1260,11687,2879,3,8,6,2,6,3,0,0,0,5,0,0,0,2,0,0,0,0
bnakaran,d117802,520000.0,170.0,4.0,3.0,4.0,2.0,0,0,0,0,0,0,0,0,44.512879,40.17787,0,0,0,1,1,0,0,0,"(40.17787, 44.512879)",923,711,1769,9963,2079,2711,5310,3325,3734,5884,4774,5437,6162,2696,4324,2606,1102,741,2632,4266,4000,5463,7469,4023,7,1,16,0,4,14,11,1,0,1,0,0,0,0,1,0,0,0
bars,2-3-165,165000.0,106.0,3.0,2.0,15.0,2.0,0,1,0,1,0,1,0,1,44.50409202665325,40.17429211194108,0,1,0,0,1,0,0,0,"(40.17429211194108, 44.50409202665325)",1602,1029,2017,9136,1431,2122,4850,4170,3946,5899,5549,4596,7002,2697,3615,2633,1886,766,2204,3722,3231,4684,8305,3790,2,3,6,1,1,3,2,0,0,2,0,0,0,1,0,0,0,0
bars,1-3-1913,1200000.0,374.35,5.0,3.0,12.0,2.0,0,0,0,1,1,0,0,1,44.583870697678144,40.21673211791397,0,0,1,0,1,0,0,0,"(40.21673211791397, 44.583870697678144)",6767,7453,7265,17145,9120,9832,11036,4122,8266,9098,3233,12767,1256,7951,11537,7858,6406,7918,9497,11098,11337,12795,257,10027,0,7,11,2,0,2,3,0,1,1,0,0,0,0,0,0,0,0
bnakaran,d117617,232000.0,145.0,4.0,10.0,12.0,2.0,1,0,1,0,0,0,0,0,44.50822847,40.18469734,1,0,0,0,1,0,0,0,"(40.18469734, 44.50822847)",600,183,917,9837,1791,3323,4660,3397,4582,5030,4463,5423,6104,1857,4814,1763,1004,1535,3347,4918,4400,5833,7368,4830,4,7,11,4,5,8,6,6,1,3,2,0,2,2,0,5,0,0
myrealty,136510,408000.0000000001,123.0,3.0,8.0,18.0,2.0,1,1,1,0,0,1,1,1,44.489355959454166,40.21403837276494,1,0,0,0,0,0,1,0,"(40.21403837276494, 44.489355959454166)",3807,3790,2723,10203,3885,6588,3326,5418,8195,1456,4830,6786,7036,1905,7691,1961,4036,5140,6779,8152,7110,8302,7934,8382,0,1,0,0,0,3,0,1,6,0,1,0,0,1,0,0,0,0
bnakaran,d114717,410000.0,138.0,4.0,3.0,5.0,3.0,1,0,0,1,0,0,0,0,44.507615,40.196458,1,0,0,0,0,0,1,0,"(40.196458, 44.507615)",1324,1490,521,10340,2524,4605,4368,3352,5730,3944,3728,6163,5673,1178,6022,1070,1544,2832,4654,6205,5554,6942,6835,6130,0,0,0,2,0,5,0,0,1,0,0,0,0,0,0,0,0,0
bars,4-2-188,255000.0,65.0,2.0,5.0,5.0,1.0,0,0,0,1,1,1,0,0,44.52473536231635,40.20625843913501,0,1,0,0,1,0,0,0,"(40.20625843913501, 44.52473536231635)",2396,2945,2308,12140,4314,6018,5888,2396,6283,4464,1948,7974,4038,2813,7578,2727,2266,4039,5934,7579,7177,8608,5107,7179,0,1,5,1,1,8,4,0,2,0,2,1,0,3,0,0,0,0
bars,2-3-159,120000.0,90.0,3.0,3.0,10.0,1.0,0,1,0,1,1,1,0,1,44.5139565495713,40.16673885182096,0,0,1,0,0,1,0,0,"(40.16673885182096, 44.5139565495713)",2143,1884,2968,9774,2565,1702,6016,4023,2763,7013,5773,5192,6886,3800,3404,3723,2223,520,1467,3136,3229,4672,8218,2783,4,8,5,2,2,4,6,0,0,1,1,0,0,1,0,0,0,0
myrealty,137127,189000.0,66.0,2.0,3.0,5.0,1.0,0,0,0,0,0,0,0,0,44.50948029563954,40.17885352616499,0,0,0,1,1,0,0,0,"(40.17885352616499, 44.50948029563954)",926,484,1568,9719,1786,2717,5003,3528,3997,5644,4866,5214,6339,2441,4274,2356,1204,879,2703,4300,3909,5365,7636,4172,8,5,23,5,1,10,6,2,0,1,1,1,1,3,0,0,0,0
myrealty,142669,160000.0,139000.0,3.0,5.0,5.0,2.0,0,1,1,0,0,1,1,0,44.539173935967966,40.16188844717563,0,0,0,1,0,0,1,0,"(40.16188844717563, 44.539173935967966)",3372,3544,4497,11833,4714,3365,8114,3498,1233,8618,5653,7277,6028,5506,4909,5408,3162,2518,2839,4148,4974,6271,7327,2859,0,0,0,0,0,0,0,0,1,0,0,0,0,0,0,0,0,0
myrealty,142272,160000.0,71.0,3.0,7.0,14.0,1.0,1,0,0,0,0,0,0,0,44.4567380668362,40.166016462777485,1,0,0,0,0,0,1,0,"(40.166016462777485, 44.4567380668362)",5432,4749,5006,5016,3062,3900,3565,8210,7184,6583,9187,776,10945,4685,3409,4733,5816,4745,4468,4516,2810,3054,12196,5856,0,0,0,1,1,0,0,0,1,2,0,0,0,0,0,0,0,0
bars,1-A-83,360000.0,116.6,3.0,1.0,7.0,2.0,0,1,1,1,1,1,0,1,44.50523170804844,40.19493042144863,0,1,0,0,1,0,0,0,"(40.19493042144863, 44.50523170804844)",1298,1340,285,10082,2264,4413,4176,3537,5680,3947,3987,5899,5915,1005,5800,894,1577,2701,4487,6014,5321,6700,7086,5995,1,0,1,2,4,3,0,0,0,0,0,0,1,0,0,0,0,0
myrealty,130736,405000.0,60.0,2.0,4.0,17.0,1.0,1,0,0,0,0,0,0,0,44.51959732658925,40.20241187184684,1,0,0,0,0,0,1,0,"(40.20241187184684, 44.51959732658925)",1864,2366,1698,11551,3703,5473,5403,2544,5968,4287,2519,7365,4532,2266,7006,2173,1801,3525,5420,7048,6591,8015,5652,6729,0,4,2,2,1,2,0,0,2,3,0,0,0,1,0,0,0,0
myrealty,99677,460000.0,92.0,2.0,10.0,17.0,1.0,1,1,1,0,0,1,0,1,44.51959732658925,40.20241187184684,1,0,0,0,0,0,1,0,"(40.20241187184684, 44.51959732658925)",1864,2366,1698,11551,3703,5473,5403,2544,5968,4287,2519,7365,4532,2266,7006,2173,1801,3525,5420,7048,6591,8015,5652,6729,0,4,2,2,1,2,0,0,2,3,0,0,0,1,0,0,0,0
bars,4-3-1341,185000.0,74.0,3.0,15.0,16.0,1.0,0,1,0,0,1,1,0,1,44.51413593557797,40.21066440089994,0,1,0,0,1,0,0,0,"(40.21066440089994, 44.51413593557797)",2743,3113,2187,11632,4132,6253,5112,3410,6981,3442,2729,7672,4918,2284,7695,2227,2762,4389,6261,7849,7226,8604,5883,7653,0,0,0,3,1,0,0,1,1,2,0,0,1,0,0,0,0,0
bars,1-N-371,350000.0,120.0,3.0,9.0,11.0,2.0,0,1,0,0,0,1,0,1,44.51181945133735,40.183313571671,0,1,0,0,1,0,0,0,"(40.183313571671, 44.51181945133735)",407,326,1190,10067,2039,3249,4999,3152,4285,5325,4361,5612,5910,2178,4806,2080,757,1345,3216,4828,4430,5880,7191,4634,7,11,23,5,5,6,11,5,0,4,0,1,1,4,0,5,0,0
bnakaran,d107131,205000.0,68.0,2.0,5.0,15.0,1.0,1,0,1,1,0,0,0,0,44.499404,40.203477,1,0,0,0,0,0,1,0,"(40.203477, 44.499404)",2356,2384,1301,10148,2865,5346,3715,4195,6750,2897,4097,6252,6210,842,6612,816,2590,3747,5474,6939,6082,7388,7267,7026,4,16,11,3,3,0,3,2,0,2,0,1,0,1,0,1,0,0
bnakaran,d114996,245000.0,82.0,2.0,9.0,16.0,1.0,1,0,0,1,0,0,0,0,44.498020834609,40.193458479445,1,0,0,0,1,0,0,0,"(40.193458479445, 44.498020834609)",1670,1433,558,9465,1791,4236,3586,4143,5879,3752,4604,5341,6548,553,5495,462,2024,2749,4389,5825,4974,6303,7716,5979,5,4,3,3,5,1,3,1,1,3,0,0,0,0,0,0,0,0
bnakaran,d117597,139000.0,140.0,3.0,4.0,5.0,2.0,0,0,0,1,0,1,0,0,44.573447993422,40.199090899141,0,0,0,1,1,0,0,0,"(40.199090899141, 44.573447993422)",5166,5838,5906,15587,7553,7875,9956,2369,6119,8612,2749,11094,1212,6769,9575,6664,4769,6058,7496,9055,9432,10872,2328,7914,0,4,2,0,2,1,0,0,0,2,0,0,0,0,0,0,0,0
bars,1-N-98,1100000.0,417.0,7.0,5.0,6.0,2.0,0,1,1,1,1,1,0,1,44.50948029563954,40.17885352616499,0,1,0,0,1,0,0,0,"(40.17885352616499, 44.50948029563954)",926,484,1568,9719,1786,2717,5003,3528,3997,5644,4866,5214,6339,2441,4274,2356,1204,879,2703,4300,3909,5365,7636,4172,8,5,23,5,1,10,6,2,0,1,1,1,1,3,0,0,0,0
bnakaran,d105465,250000.0,180.0,6.0,3.0,3.0,2.0,0,0,0,0,0,0,0,0,44.493868130935,40.201918286537,0,1,0,0,1,0,0,0,"(40.201918286537, 44.493868130935)",2526,2415,1386,9662,2578,5202,3224,4607,6851,2760,4595,5830,6699,520,6374,562,2816,3750,5380,6778,5819,7080,7765,6981,2,6,10,3,2,1,5,1,0,3,0,0,1,2,0,0,0,0
myrealty,139805,165000.0,64.0,2.0,10.0,16.0,1.0,1,1,0,1,0,1,1,0,44.52473536231635,40.20625843913501,1,0,0,0,0,0,1,0,"(40.20625843913501, 44.52473536231635)",2396,2945,2308,12140,4314,6018,5888,2396,6283,4464,1948,7974,4038,2813,7578,2727,2266,4039,5934,7579,7177,8608,5107,7179,0,1,5,1,1,8,4,0,2,0,2,1,0,3,0,0,0,0
myrealty,134405,325000.0,100.0,3.0,5.0,5.0,2.0,0,0,0,0,0,0,0,0,44.514048989347714,40.1861605885798,0,0,0,1,0,0,1,0,"(40.1861605885798, 44.514048989347714)",90,619,1072,10356,2311,3609,5086,2877,4463,5177,4000,5932,5590,2117,5174,2011,495,1668,3557,5181,4798,6248,6861,4932,15,9,32,1,4,4,8,2,0,2,0,0,2,1,0,1,0,0
myrealty,140294,119999.99999999996,59.0,2.0,3.0,5.0,1.0,0,1,0,0,0,1,1,0,44.49857435,40.20958515,0,0,0,1,0,0,1,0,"(40.20958515, 44.49857435)",2974,3055,1971,10487,3496,6027,3816,4499,7379,2371,4056,6757,6239,1431,7271,1437,3167,4419,6156,7618,6730,8012,7207,7705,1,0,0,1,0,1,0,0,0,0,1,0,0,0,0,4,0,0
bnakaran,d117231,42000.0,42.0,1.0,6.0,6.0,1.0,0,0,0,0,0,0,0,0,44.518631279643,40.180839929529,0,0,0,1,1,0,0,0,"(40.180839929529, 44.518631279643)",647,937,1763,10527,2570,3221,5636,2737,3758,5883,4223,6015,5572,2789,4869,2687,606,1202,3075,4736,4570,6035,6881,4330,15,8,21,2,6,10,14,0,0,2,0,0,0,1,0,0,0,0
bnakaran,d91689,300000.00000000006,130.0,3.0,7.0,12.0,2.0,1,0,0,0,0,0,0,0,44.509669118925,40.206320888981,1,0,0,0,1,0,0,0,"(40.206320888981, 44.509669118925)",2306,2590,1606,11049,3522,5715,4630,3492,6654,3343,3176,7059,5312,1685,7121,1622,2398,3908,5754,7315,6639,8006,6346,7198,2,2,4,6,6,5,5,0,3,1,0,0,1,2,0,2,0,0
myrealty,132714,265000.0,96.0,3.0,14.0,14.0,2.0,1,1,0,1,0,1,1,0,44.48023076128606,40.14596510603376,1,0,0,0,0,0,1,0,"(40.14596510603376, 44.48023076128606)",5347,4751,5561,6813,3750,2016,6143,7688,5015,8587,9277,2715,10557,5816,491,5805,5601,3905,2481,1659,523,992,11885,3242,0,0,0,1,1,1,0,0,0,1,0,0,0,2,0,0,0,0
bnakaran,d107838,580000.0,159.0,4.0,8.0,9.0,2.0,1,0,0,0,0,0,0,0,44.521657748686,40.166573336966,1,0,0,0,1,0,0,0,"(40.166573336966, 44.521657748686)",2231,2170,3225,10417,3145,2186,6570,3615,2285,7345,5510,5837,6447,4151,3880,4064,2188,957,1813,3443,3777,5191,7781,2761,1,1,0,3,5,0,0,0,1,6,1,0,0,2,0,0,0,0
myrealty,124933,200000.0,90.0,4.0,5.0,8.0,1.0,0,0,0,0,0,0,0,0,44.46234708546167,40.1906722427931,0,1,0,0,0,0,1,0,"(40.1906722427931, 44.46234708546167)",4510,3968,3582,6769,2564,5087,973,7176,7871,3821,7521,3549,9560,2767,5465,2862,4912,4753,5529,6320,4809,5599,10680,7195,12,4,7,1,12,1,1,1,1,1,0,0,1,0,0,0,0,0
myrealty,142704,420000.0,80.0,2.0,4.0,10.0,2.0,1,1,1,1,0,1,1,1,44.51467793334746,40.18220208362412,1,0,0,0,0,0,1,0,"(40.18220208362412, 44.51467793334746)",423,576,1430,10255,2253,3214,5269,2971,4053,5564,4298,5772,5767,2438,4815,2338,628,1239,3134,4771,4472,5931,7060,4490,20,6,25,4,7,9,10,3,0,3,0,1,1,2,0,2,0,0
bars,4-3-1415,145000.00000000003,70.0,3.0,3.0,5.0,1.0,0,0,0,0,0,0,0,0,44.51872985,40.20413115,0,1,0,0,1,0,0,0,"(40.20413115, 44.51872985)",2039,2514,1778,11580,3789,5635,5350,2695,6172,4124,2509,7435,4573,2253,7152,2165,1994,3701,5594,7216,6726,8142,5663,6920,0,3,8,2,1,2,6,1,4,2,0,0,0,1,0,0,0,0
bnakaran,d62080,136000.0,80.0,3.0,6.0,11.0,2.0,1,0,0,1,0,0,0,0,44.516667,40.183333,1,0,0,0,0,0,1,0,"(40.183333, 44.516667)",325,737,1448,10456,2442,3396,5389,2767,4081,5562,4095,5980,5556,2484,5010,2380,421,1400,3295,4942,4675,6135,6850,4608,20,4,36,2,9,9,16,0,0,3,2,0,0,0,0,1,0,0
bnakaran,d117682,130000.0,40.0,2.0,2.0,5.0,1.0,1,0,0,0,0,0,0,0,44.515102096538,40.169279922988,1,0,0,0,1,0,0,0,"(40.169279922988, 44.515102096538)",1859,1647,2728,9920,2513,1980,5938,3754,2883,6807,5479,5338,6621,3598,3676,3516,1926,329,1766,3433,3473,4926,7950,3054,8,6,18,7,2,10,6,0,1,4,1,0,0,1,0,0,0,0
myrealty,137425,125000.0,92.0,3.0,9.0,13.0,1.0,0,0,0,0,1,0,0,1,44.4972968,40.20489739999999,0,0,1,0,1,0,0,0,"(40.20489739999999, 44.4972968)",2588,2592,1513,10091,2965,5510,3569,4413,6976,2661,4236,6269,6372,902,6740,905,2827,3952,5654,7098,6197,7482,7406,7222,3,5,3,2,2,0,1,1,0,2,0,1,0,0,0,1,0,0
bars,2-3-172,120000.0,67.0,3.0,2.0,14.0,1.0,0,0,0,0,1,1,0,1,44.52003469603711,40.17296185385123,0,0,1,0,0,1,0,0,"(40.17296185385123, 44.52003469603711)",1509,1519,2537,10414,2768,2563,6097,3168,2939,6670,4921,5841,6035,3501,4261,3408,1473,695,2316,3984,4056,5510,7364,3458,3,5,10,5,2,7,0,0,3,5,1,1,2,0,0,0,0,0
bars,1-3-1762,135000.0,75.0,3.0,5.0,4.0,1.0,0,0,0,0,0,0,0,0,44.583870697678144,40.21673211791397,0,1,0,0,0,1,0,0,"(40.21673211791397, 44.583870697678144)",6767,7453,7265,17145,9120,9832,11036,4122,8266,9098,3233,12767,1256,7951,11537,7858,6406,7918,9497,11098,11337,12795,257,10027,0,7,11,2,0,2,3,0,1,1,0,0,0,0,0,0,0,0
bnakaran,d117330,810000.0,45.0,1.0,4.0,5.0,1.0,0,0,0,1,0,1,0,0,44.474907,40.191808,0,0,0,1,1,0,0,0,"(40.191808, 44.474907)",3473,2973,2511,7698,1822,4594,1732,6106,7096,3490,6475,4026,8493,1713,5296,1802,3870,3906,4961,5992,4662,5690,9625,6648,6,4,3,1,13,4,0,1,2,2,0,0,0,1,0,0,0,0
myrealty,133907,155000.0,40.0,2.0,3.0,4.0,1.0,0,1,1,1,0,1,1,0,44.51488777979646,40.16624129129846,0,0,0,1,0,0,1,0,"(40.16624129129846, 44.51488777979646)",2197,1959,3043,9843,2662,1717,6112,4009,2666,7098,5785,5262,6869,3885,3422,3807,2260,599,1451,3119,3264,4701,8201,2719,0,7,4,4,2,4,4,0,0,5,1,0,0,2,0,2,0,0
bars,1-N-320,350000.0,75.0,3.0,6.0,10.0,1.0,0,0,0,0,0,0,0,0,44.525275644939626,40.18489525304254,0,1,0,0,1,0,0,0,"(40.18489525304254, 44.525275644939626)",873,1482,1956,11204,3193,3897,6045,2028,3964,5906,3542,6714,4851,3006,5566,2897,480,1884,3703,5372,5284,6749,6158,4820,0,2,11,1,1,6,3,1,0,1,0,0,12,0,0,2,0,0
myrealty,142657,140000.0,90.0,3.0,5.0,5.0,1.0,0,1,0,0,0,1,1,0,44.51344849450384,40.1767382062846,0,0,0,1,1,0,0,0,"(40.1767382062846, 44.51344849450384)",1039,842,1904,9975,2139,2615,5408,3349,3605,6017,4848,5436,6197,2826,4245,2737,1186,623,2518,4160,3937,5401,7509,3893,3,3,19,1,4,13,10,0,0,3,0,0,1,0,1,0,0,0
bars,6-Ach-118,115000.0,80.0,3.0,3.0,16.0,1.0,0,1,0,0,1,1,0,1,44.43443755,40.117706,0,0,1,0,1,0,0,0,"(40.117706, 44.43443755)",10230,9585,10220,4808,8227,7007,9127,12685,9612,12271,14183,4920,15554,10180,5315,10204,10524,8891,7419,6047,5470,4012,16879,7596,0,0,0,0,0,0,0,0,1,0,0,0,0,0,0,0,0,0
bnakaran,d98200,284000.0,142.0,3.0,8.0,15.0,2.0,1,0,1,0,0,0,0,0,44.516756320645,40.182546445472,1,0,0,0,1,0,0,0,"(40.182546445472, 44.516756320645)",409,746,1516,10435,2434,3319,5423,2794,4000,5636,4160,5948,5597,2545,4940,2442,486,1318,3212,4861,4611,6073,6894,4520,21,4,33,2,8,9,17,0,0,2,2,0,0,0,0,1,0,0
bars,4-3-1365,330000.0,120.0,4.0,3.0,16.0,2.0,0,0,0,0,0,1,0,1,44.51413593557797,40.21066440089994,0,1,0,0,1,0,0,0,"(40.21066440089994, 44.51413593557797)",2743,3113,2187,11632,4132,6253,5112,3410,6981,3442,2729,7672,4918,2284,7695,2227,2762,4389,6261,7849,7226,8604,5883,7653,0,0,0,3,1,0,0,1,1,2,0,0,1,0,0,0,0,0
bnakaran,d117304,475000.0,182.0,3.0,7.0,11.0,1.0,1,0,0,0,0,0,0,0,44.489872095275,40.179236059992,1,0,0,0,0,0,1,0,"(40.179236059992, 44.489872095275)",2270,1596,1920,8163,120,2799,3543,5065,5230,5004,6043,3786,7770,2029,3831,2016,2665,2093,3107,4309,3276,4578,9021,4790,1,1,1,2,0,9,1,0,1,0,0,0,0,0,0,0,0,0
myrealty,141323,360000.0,88.0,3.0,4.0,5.0,2.0,1,1,0,1,0,1,1,0,44.50523170804844,40.19493042144863,1,0,0,0,0,0,1,0,"(40.19493042144863, 44.50523170804844)",1298,1340,285,10082,2264,4413,4176,3537,5680,3947,3987,5899,5915,1005,5800,894,1577,2701,4487,6014,5321,6700,7086,5995,1,0,1,2,4,3,0,0,0,0,0,0,1,0,0,0,0,0
bars,1-3-859,266000.00000000006,90.0,3.0,8.0,10.0,1.0,0,1,0,1,1,1,0,1,44.505052000470215,40.183781674798254,0,0,1,0,0,0,0,1,"(40.183781674798254, 44.505052000470215)",887,262,962,9548,1502,3179,4441,3684,4660,4983,4730,5140,6390,1776,4619,1692,1288,1522,3249,4780,4182,5603,7651,4785,3,3,6,3,2,6,4,2,1,2,1,1,1,2,0,0,0,0
myrealty,124678,155000.0,70.0,2.0,4.0,10.0,1.0,0,0,0,0,0,0,0,0,44.519048808509375,40.177015330930764,0,0,1,0,1,0,0,0,"(40.177015330930764, 44.519048808509375)",1054,1155,2115,10441,2609,2874,5827,2939,3367,6249,4565,5893,5802,3108,4549,3011,1025,869,2689,4356,4289,5753,7123,3905,3,7,10,2,5,10,5,1,0,2,0,1,0,0,1,0,0,0
bnakaran,d112500,215000.0,40.0,2.0,4.0,16.0,1.0,1,0,0,1,0,0,0,0,44.516290817473,40.178009492784,1,0,0,0,1,0,0,0,"(40.178009492784, 44.516290817473)",894,901,1892,10246,2367,2849,5568,3069,3584,6026,4595,5712,5919,2868,4498,2773,961,832,2715,4371,4204,5669,7232,4017,7,7,16,2,7,7,10,1,0,1,0,0,0,1,1,0,0,0
bars,1-3-222,250000.0,191.36,4.0,4.0,5.0,2.0,0,0,0,0,0,1,0,0,44.45609932611657,40.15477242139723,0,1,0,0,1,0,0,0,"(40.15477242139723, 44.45609932611657)",6097,5416,5866,4733,3857,3773,4815,8789,7051,7809,9985,562,11604,5705,2755,5738,6449,5103,4339,3926,2309,1998,12891,5452,0,0,0,0,0,0,0,0,0,0,0,0,0,0,0,0,0,0
